-- ============================================================
-- Hercules -> Supabase DATA MIGRATION
-- Generated from Convex snapshot. Run AFTER 01_schema.sql.
-- Convex string IDs are mapped to deterministic UUIDs (uuid5).
-- ============================================================
BEGIN;

-- ---------- app_users (3) ----------
INSERT INTO public.app_users (id, name, email, avatar, role, is_active, status, invited_by, legacy_token, created_at) VALUES ('9c847e7a-1a23-5c7e-8318-4611980a558c', 'inderjeet puee', 'singhpuee@gmail.com', NULL, 'admin', FALSE, 'inactive', NULL, 'https://hercules.app|IdiwoA1hWLzX2HMjHrfCNSJ3aPeEpS99', '2026-03-26T11:50:03.868150+00:00');
INSERT INTO public.app_users (id, name, email, avatar, role, is_active, status, invited_by, legacy_token, created_at) VALUES ('5aa0f6cd-cd77-51be-a7d8-c5f73eeb09f0', NULL, 'adnandin@live.co.uk', NULL, 'admin', TRUE, 'active', '9c847e7a-1a23-5c7e-8318-4611980a558c', 'https://hercules.app|usr_01KMQ354JCJNW7QD9X045R4E46', '2026-03-26T12:23:03.976933+00:00');
INSERT INTO public.app_users (id, name, email, avatar, role, is_active, status, invited_by, legacy_token, created_at) VALUES ('ebd9f0c3-ca24-5b57-8160-8737dce21571', 'sebby wekesa', 'sebbywakis@gmail.com', NULL, 'admin', FALSE, 'inactive', '9c847e7a-1a23-5c7e-8318-4611980a558c', 'https://hercules.app|usr_01KNK8JS14GY6CMGV87FMPEW70', '2026-04-07T05:56:08.776927+00:00');

-- ---------- staff (0) ----------

-- ---------- customers (55) ----------
INSERT INTO public.customers (id, name, phone, location, notes, created_by, created_at) VALUES ('af2848c8-74d7-5a55-8758-17dfc1e94032', 'BABITO', 'N/N', NULL, NULL, '5aa0f6cd-cd77-51be-a7d8-c5f73eeb09f0', '2026-04-21T08:05:07.442716+00:00');
INSERT INTO public.customers (id, name, phone, location, notes, created_by, created_at) VALUES ('a71f1e45-e393-509a-ad94-6525fd6f1e4e', 'ZASK', 'N/N', NULL, NULL, '5aa0f6cd-cd77-51be-a7d8-c5f73eeb09f0', '2026-05-25T07:56:34.409557+00:00');
INSERT INTO public.customers (id, name, phone, location, notes, created_by, created_at) VALUES ('3b8ccde2-2a9d-5e2e-941c-62e4ba3610da', 'GARDESCAPE', 'N/N', NULL, NULL, '5aa0f6cd-cd77-51be-a7d8-c5f73eeb09f0', '2026-04-11T09:01:42.060479+00:00');
INSERT INTO public.customers (id, name, phone, location, notes, created_by, created_at) VALUES ('b99906cc-2bad-5a85-a953-948e594625d7', 'NYATI', 'N/N', NULL, NULL, '5aa0f6cd-cd77-51be-a7d8-c5f73eeb09f0', '2026-04-11T09:03:03.319968+00:00');
INSERT INTO public.customers (id, name, phone, location, notes, created_by, created_at) VALUES ('18479d3f-7ca6-52aa-a5aa-c03d3fdd9a0e', 'THE BLANKET', 'N/N', NULL, NULL, '5aa0f6cd-cd77-51be-a7d8-c5f73eeb09f0', '2026-04-11T09:10:01.918087+00:00');
INSERT INTO public.customers (id, name, phone, location, notes, created_by, created_at) VALUES ('72757063-38b6-5063-b255-850068b9ebf6', 'CAPTURE', 'N/N', NULL, NULL, '5aa0f6cd-cd77-51be-a7d8-c5f73eeb09f0', '2026-04-11T08:41:42.768792+00:00');
INSERT INTO public.customers (id, name, phone, location, notes, created_by, created_at) VALUES ('a5781d04-c1d4-5d75-8f85-315455e17ce7', 'DERRICK', 'N/N', NULL, NULL, '5aa0f6cd-cd77-51be-a7d8-c5f73eeb09f0', '2026-04-11T09:14:18.212146+00:00');
INSERT INTO public.customers (id, name, phone, location, notes, created_by, created_at) VALUES ('4ab6ddd7-cd74-5e20-9ecf-ea243ff0007e', 'MAHIR', 'N/N', NULL, NULL, '5aa0f6cd-cd77-51be-a7d8-c5f73eeb09f0', '2026-04-11T09:02:51.232577+00:00');
INSERT INTO public.customers (id, name, phone, location, notes, created_by, created_at) VALUES ('652cf587-b9fb-5876-9bd5-46b3a9b63671', 'DRYDOCK', 'N/N', NULL, NULL, '5aa0f6cd-cd77-51be-a7d8-c5f73eeb09f0', '2026-04-11T09:00:11.075480+00:00');
INSERT INTO public.customers (id, name, phone, location, notes, created_by, created_at) VALUES ('146458e1-5771-5d12-956b-94019bbab64d', 'NAZREP', 'N/N', NULL, NULL, '5aa0f6cd-cd77-51be-a7d8-c5f73eeb09f0', '2026-04-11T09:03:19.214212+00:00');
INSERT INTO public.customers (id, name, phone, location, notes, created_by, created_at) VALUES ('2f6931e6-97cc-57b6-b771-70bc1d05cbac', 'TRAKANA', 'N/N', NULL, NULL, '5aa0f6cd-cd77-51be-a7d8-c5f73eeb09f0', '2026-04-11T09:10:42.588852+00:00');
INSERT INTO public.customers (id, name, phone, location, notes, created_by, created_at) VALUES ('ca2f8da6-33b7-5463-bb95-da100c172216', 'SASA', 'N/N', NULL, NULL, '5aa0f6cd-cd77-51be-a7d8-c5f73eeb09f0', '2026-04-11T09:06:09.652876+00:00');
INSERT INTO public.customers (id, name, phone, location, notes, created_by, created_at) VALUES ('1368b357-0a8f-59f1-bffd-f5c978137e82', 'HASHAM', 'N/N', NULL, NULL, '5aa0f6cd-cd77-51be-a7d8-c5f73eeb09f0', '2026-04-11T09:01:59.917442+00:00');
INSERT INTO public.customers (id, name, phone, location, notes, created_by, created_at) VALUES ('f3b7eb35-5c79-517c-bd08-17052636bae5', 'MURABI', 'N/N', NULL, NULL, '5aa0f6cd-cd77-51be-a7d8-c5f73eeb09f0', '2026-04-11T09:16:10.553095+00:00');
INSERT INTO public.customers (id, name, phone, location, notes, created_by, created_at) VALUES ('1a8ef1ea-e3b5-51e4-9fad-78381b7dc6de', 'SASHCO', 'N/N', NULL, NULL, '5aa0f6cd-cd77-51be-a7d8-c5f73eeb09f0', '2026-04-11T09:08:39.357540+00:00');
INSERT INTO public.customers (id, name, phone, location, notes, created_by, created_at) VALUES ('9bde6dc1-cf08-5051-8f80-49a6531fdf7a', 'SYNA', 'N/N', NULL, NULL, '5aa0f6cd-cd77-51be-a7d8-c5f73eeb09f0', '2026-04-11T09:05:56.915733+00:00');
INSERT INTO public.customers (id, name, phone, location, notes, created_by, created_at) VALUES ('791f024b-f521-5473-ac45-451c84766827', 'YAKARIM', 'N/N', NULL, NULL, '5aa0f6cd-cd77-51be-a7d8-c5f73eeb09f0', '2026-04-11T09:12:51.599321+00:00');
INSERT INTO public.customers (id, name, phone, location, notes, created_by, created_at) VALUES ('bf30dbf4-371c-583d-8367-08640ef7cdc7', 'PETWIND', 'N/N', NULL, NULL, '5aa0f6cd-cd77-51be-a7d8-c5f73eeb09f0', '2026-04-11T09:04:06.173822+00:00');
INSERT INTO public.customers (id, name, phone, location, notes, created_by, created_at) VALUES ('5475cc64-b34d-5fbd-a463-f862427b073b', 'ABDALLAH', '0721629111', NULL, NULL, '5aa0f6cd-cd77-51be-a7d8-c5f73eeb09f0', '2026-05-05T07:38:08.384536+00:00');
INSERT INTO public.customers (id, name, phone, location, notes, created_by, created_at) VALUES ('c53d9c7e-d86a-5512-8891-45d0b8e59c31', 'sebby wekesa', '+254797294574', NULL, NULL, '9c847e7a-1a23-5c7e-8318-4611980a558c', '2026-04-20T11:36:33.019040+00:00');
INSERT INTO public.customers (id, name, phone, location, notes, created_by, created_at) VALUES ('f7708b91-847e-5815-ab24-146915161c5e', 'NASSORO', '0721629111', NULL, NULL, '5aa0f6cd-cd77-51be-a7d8-c5f73eeb09f0', '2026-04-24T07:22:37.783420+00:00');
INSERT INTO public.customers (id, name, phone, location, notes, created_by, created_at) VALUES ('7c9a63c9-f67a-5013-94ab-0c5c36764b35', 'SIMZIA', 'N/N', NULL, NULL, '5aa0f6cd-cd77-51be-a7d8-c5f73eeb09f0', '2026-04-11T09:05:44.282155+00:00');
INSERT INTO public.customers (id, name, phone, location, notes, created_by, created_at) VALUES ('9ee2054a-20f2-5564-9650-79a6b5e034ca', 'MAYA', 'N/N', NULL, NULL, '5aa0f6cd-cd77-51be-a7d8-c5f73eeb09f0', '2026-04-11T09:02:37.933969+00:00');
INSERT INTO public.customers (id, name, phone, location, notes, created_by, created_at) VALUES ('d8d258c0-3e1b-5846-886d-b507314c211d', 'ROADTAINERS KHAN', '0721629111', NULL, NULL, '5aa0f6cd-cd77-51be-a7d8-c5f73eeb09f0', '2026-05-18T08:55:54.072794+00:00');
INSERT INTO public.customers (id, name, phone, location, notes, created_by, created_at) VALUES ('c0f8778f-86a9-56d3-8b10-2bacd8763407', 'RASHID AMIR', '0721629111', NULL, NULL, '5aa0f6cd-cd77-51be-a7d8-c5f73eeb09f0', '2026-05-08T07:46:51.366421+00:00');
INSERT INTO public.customers (id, name, phone, location, notes, created_by, created_at) VALUES ('9a483a3f-3974-5a51-abd2-66d8f12c453f', 'NASSORO', 'N/N', NULL, NULL, '5aa0f6cd-cd77-51be-a7d8-c5f73eeb09f0', '2026-04-11T09:13:21.857969+00:00');
INSERT INTO public.customers (id, name, phone, location, notes, created_by, created_at) VALUES ('a5664e7d-ec2c-5da4-889e-2238f23759a1', 'MAINA', 'N/N', NULL, NULL, '5aa0f6cd-cd77-51be-a7d8-c5f73eeb09f0', '2026-04-11T09:14:00.642898+00:00');
INSERT INTO public.customers (id, name, phone, location, notes, created_by, created_at) VALUES ('47267bb1-b1ac-5eff-98c7-375378997df4', 'CROWN PETROLEUM', 'N/N', NULL, NULL, '5aa0f6cd-cd77-51be-a7d8-c5f73eeb09f0', '2026-04-11T08:39:59.999736+00:00');
INSERT INTO public.customers (id, name, phone, location, notes, created_by, created_at) VALUES ('91ba9d85-1040-5dc4-baba-a77c950cd088', 'SIFA', 'N/N', NULL, NULL, '5aa0f6cd-cd77-51be-a7d8-c5f73eeb09f0', '2026-04-11T09:05:02.212418+00:00');
INSERT INTO public.customers (id, name, phone, location, notes, created_by, created_at) VALUES ('8ef46a7a-2f16-525f-a9e0-8fe72f40c8e0', 'DHANUSH', 'N/N', NULL, NULL, '5aa0f6cd-cd77-51be-a7d8-c5f73eeb09f0', '2026-04-11T08:42:06.330155+00:00');
INSERT INTO public.customers (id, name, phone, location, notes, created_by, created_at) VALUES ('ea362309-2d5a-5ddf-b49a-35bc683158be', 'ZOLA', 'N/N', NULL, NULL, '5aa0f6cd-cd77-51be-a7d8-c5f73eeb09f0', '2026-04-11T09:13:05.293698+00:00');
INSERT INTO public.customers (id, name, phone, location, notes, created_by, created_at) VALUES ('5eb80ac1-95f5-53e0-8c61-e55812578469', 'COASTCABLE', 'N/N', NULL, NULL, '5aa0f6cd-cd77-51be-a7d8-c5f73eeb09f0', '2026-04-11T08:40:46.900020+00:00');
INSERT INTO public.customers (id, name, phone, location, notes, created_by, created_at) VALUES ('d0e4a0d6-7e74-530e-b8a6-39db198b2fad', 'TRANSPARES', 'N/N', NULL, NULL, '5aa0f6cd-cd77-51be-a7d8-c5f73eeb09f0', '2026-04-11T09:10:24.893321+00:00');
INSERT INTO public.customers (id, name, phone, location, notes, created_by, created_at) VALUES ('847a3362-4325-52f0-9c7b-a0feddfee4d7', 'PASTA', 'N/N', NULL, NULL, '5aa0f6cd-cd77-51be-a7d8-c5f73eeb09f0', '2026-04-11T09:03:49.211694+00:00');
INSERT INTO public.customers (id, name, phone, location, notes, created_by, created_at) VALUES ('5d631c8d-9337-578e-a6e1-51c3aa0a3961', 'SHAI', 'N/N', NULL, NULL, '5aa0f6cd-cd77-51be-a7d8-c5f73eeb09f0', '2026-04-11T09:09:02.491251+00:00');
INSERT INTO public.customers (id, name, phone, location, notes, created_by, created_at) VALUES ('91dd00f4-207c-58b3-8288-68dacd6af741', 'CARGOFREX', 'N/N', NULL, NULL, '5aa0f6cd-cd77-51be-a7d8-c5f73eeb09f0', '2026-04-11T08:41:07.088889+00:00');
INSERT INTO public.customers (id, name, phone, location, notes, created_by, created_at) VALUES ('b813ebbb-abde-5872-9006-6a6c4b9e69a1', 'TOPLINK', 'N/N', NULL, NULL, '5aa0f6cd-cd77-51be-a7d8-c5f73eeb09f0', '2026-04-11T09:12:19.781208+00:00');
INSERT INTO public.customers (id, name, phone, location, notes, created_by, created_at) VALUES ('c43ba821-1e5e-538e-a57a-a757840b9db2', 'TRUCKLINE', 'N/N', NULL, NULL, '5aa0f6cd-cd77-51be-a7d8-c5f73eeb09f0', '2026-04-11T09:12:37.556967+00:00');
INSERT INTO public.customers (id, name, phone, location, notes, created_by, created_at) VALUES ('fdcdd415-9abe-593f-8f46-d713d81449e5', 'RASHID', 'N/N', NULL, NULL, '5aa0f6cd-cd77-51be-a7d8-c5f73eeb09f0', '2026-04-11T09:04:41.606534+00:00');
INSERT INTO public.customers (id, name, phone, location, notes, created_by, created_at) VALUES ('733ce737-ac14-575c-869c-5cb6724b8c66', 'PROCEL', 'N/N', NULL, NULL, '5aa0f6cd-cd77-51be-a7d8-c5f73eeb09f0', '2026-04-11T09:03:35.074207+00:00');
INSERT INTO public.customers (id, name, phone, location, notes, created_by, created_at) VALUES ('1f57e281-3c9d-5a84-9607-661121b6bf8f', 'BOSS OMAR GREATLAKES YARD', '0721629111', NULL, NULL, '5aa0f6cd-cd77-51be-a7d8-c5f73eeb09f0', '2026-05-14T07:00:41.688338+00:00');
INSERT INTO public.customers (id, name, phone, location, notes, created_by, created_at) VALUES ('3f592b89-ab81-51d4-94bb-6d7a3d9ea1b7', 'ROADTRAINERS', 'N/N', NULL, NULL, '5aa0f6cd-cd77-51be-a7d8-c5f73eeb09f0', '2026-04-11T09:04:25.368577+00:00');
INSERT INTO public.customers (id, name, phone, location, notes, created_by, created_at) VALUES ('7bcf7106-3eb2-516e-bfb8-8e336d3b1fe7', 'A.M TRAILERS', 'N/N', NULL, NULL, '5aa0f6cd-cd77-51be-a7d8-c5f73eeb09f0', '2026-04-11T08:39:26.692529+00:00');
INSERT INTO public.customers (id, name, phone, location, notes, created_by, created_at) VALUES ('dcf05e89-e8b7-59f1-932e-3536d352cd04', 'BARIKI', 'N/N', NULL, NULL, '5aa0f6cd-cd77-51be-a7d8-c5f73eeb09f0', '2026-04-11T09:15:43.082113+00:00');
INSERT INTO public.customers (id, name, phone, location, notes, created_by, created_at) VALUES ('dd444d44-ac0f-5ebc-95a4-aaaa2dcdf85f', 'GREATLAKES', 'N/N', NULL, NULL, '5aa0f6cd-cd77-51be-a7d8-c5f73eeb09f0', '2026-04-11T09:01:19.699962+00:00');
INSERT INTO public.customers (id, name, phone, location, notes, created_by, created_at) VALUES ('08fd959b-46ee-5bfe-a169-1d8ccda22084', 'MUDASSIR', 'N/N', NULL, NULL, '5aa0f6cd-cd77-51be-a7d8-c5f73eeb09f0', '2026-05-11T07:37:26.876421+00:00');
INSERT INTO public.customers (id, name, phone, location, notes, created_by, created_at) VALUES ('8ae4e18a-0898-5e36-8fd4-8168c64014a3', 'E.A ROADWAY', 'N/N', NULL, NULL, '5aa0f6cd-cd77-51be-a7d8-c5f73eeb09f0', '2026-04-11T09:00:55.201802+00:00');
INSERT INTO public.customers (id, name, phone, location, notes, created_by, created_at) VALUES ('628700c4-9ece-5485-8835-f14df81d52a1', 'GATEWAY', 'N/N', NULL, NULL, '5aa0f6cd-cd77-51be-a7d8-c5f73eeb09f0', '2026-04-11T09:15:04.458619+00:00');
INSERT INTO public.customers (id, name, phone, location, notes, created_by, created_at) VALUES ('bb93179f-f422-51d1-b18d-e5888c3b3fb0', 'KYOGA', 'N/N', NULL, NULL, '5aa0f6cd-cd77-51be-a7d8-c5f73eeb09f0', '2026-04-11T09:02:15.322798+00:00');
INSERT INTO public.customers (id, name, phone, location, notes, created_by, created_at) VALUES ('127831c6-ce9e-560c-b145-c19d54c410ad', 'C.I.S', 'N/N', NULL, NULL, '5aa0f6cd-cd77-51be-a7d8-c5f73eeb09f0', '2026-04-11T09:14:42.070692+00:00');
INSERT INTO public.customers (id, name, phone, location, notes, created_by, created_at) VALUES ('3eefc966-ff59-55d7-ad34-f2c10a3f7825', 'AUTOWAYS', '0721629111', NULL, NULL, '5aa0f6cd-cd77-51be-a7d8-c5f73eeb09f0', '2026-04-23T07:25:47.984067+00:00');
INSERT INTO public.customers (id, name, phone, location, notes, created_by, created_at) VALUES ('e5ea29ca-81e4-5c04-b1a2-2842bcd4a86a', 'DOSHI', 'N/N', NULL, NULL, '5aa0f6cd-cd77-51be-a7d8-c5f73eeb09f0', '2026-04-11T09:00:31.952801+00:00');
INSERT INTO public.customers (id, name, phone, location, notes, created_by, created_at) VALUES ('09c78a96-d5cb-5e23-b40e-fd0146eee328', 'KINYWA', 'N/N', NULL, NULL, '5aa0f6cd-cd77-51be-a7d8-c5f73eeb09f0', '2026-04-11T09:13:41.252379+00:00');
INSERT INTO public.customers (id, name, phone, location, notes, created_by, created_at) VALUES ('63ad86e9-5a9b-5aff-be4a-351eafbf7a23', 'AUTOHAULIERS', 'N/N', NULL, NULL, '5aa0f6cd-cd77-51be-a7d8-c5f73eeb09f0', '2026-04-11T08:38:50.085584+00:00');
INSERT INTO public.customers (id, name, phone, location, notes, created_by, created_at) VALUES ('1e1bb33d-72b8-594d-bfeb-cf203f153716', 'KAYDEE', 'N/N', NULL, NULL, '5aa0f6cd-cd77-51be-a7d8-c5f73eeb09f0', '2026-04-11T09:02:27.247949+00:00');

-- ---------- stock (56) ----------
INSERT INTO public.stock (id, name, category, unit, current_qty, min_threshold, supplier, notes, created_by, created_at) VALUES ('f6243b5d-ee72-5f12-a8fc-1088780a6020', 'LOWLOADER RW/9/13/1', 'lining_material', 'sets', 54, 10, NULL, NULL, '5aa0f6cd-cd77-51be-a7d8-c5f73eeb09f0', '2026-04-11T08:25:00.854921+00:00');
INSERT INTO public.stock (id, name, category, unit, current_qty, min_threshold, supplier, notes, created_by, created_at) VALUES ('be9cd16f-3314-5700-a8ad-a2fbccc348a0', 'IL 66/67 JRA TITANIUM', 'lining_material', 'sets', 93, 10, NULL, NULL, '5aa0f6cd-cd77-51be-a7d8-c5f73eeb09f0', '2026-04-11T08:08:41.633535+00:00');
INSERT INTO public.stock (id, name, category, unit, current_qty, min_threshold, supplier, notes, created_by, created_at) VALUES ('712483cf-edd6-5bb2-aded-59912e98f4f6', 'MP 31/1 SC', 'lining_material', 'sets', 0, 10, NULL, NULL, '5aa0f6cd-cd77-51be-a7d8-c5f73eeb09f0', '2026-04-11T08:09:04.227199+00:00');
INSERT INTO public.stock (id, name, category, unit, current_qty, min_threshold, supplier, notes, created_by, created_at) VALUES ('9f58c6ab-430f-540a-911b-28b9003b8d72', 'LOWLOADER MQ 3/4', 'lining_material', 'sets', 44, 10, NULL, NULL, '5aa0f6cd-cd77-51be-a7d8-c5f73eeb09f0', '2026-04-11T08:24:33.975333+00:00');
INSERT INTO public.stock (id, name, category, unit, current_qty, min_threshold, supplier, notes, created_by, created_at) VALUES ('6d937c10-034e-5bcc-878b-a83a3584551d', 'BC 36/1 JRA PREMIUM', 'lining_material', 'sets', 88, 10, NULL, NULL, '5aa0f6cd-cd77-51be-a7d8-c5f73eeb09f0', '2026-04-11T08:05:14.901087+00:00');
INSERT INTO public.stock (id, name, category, unit, current_qty, min_threshold, supplier, notes, created_by, created_at) VALUES ('089af998-5910-58dd-b328-1f05959b204d', 'BC 36/1 SC', 'lining_material', 'sets', 53, 10, NULL, NULL, '5aa0f6cd-cd77-51be-a7d8-c5f73eeb09f0', '2026-04-11T08:02:50.027331+00:00');
INSERT INTO public.stock (id, name, category, unit, current_qty, min_threshold, supplier, notes, created_by, created_at) VALUES ('c5a08e2d-d040-5e31-85fa-6c6201eb410e', 'BC 37/1 JRA PREMIUM', 'lining_material', 'sets', 374, 10, NULL, NULL, '5aa0f6cd-cd77-51be-a7d8-c5f73eeb09f0', '2026-04-11T07:59:16.174875+00:00');
INSERT INTO public.stock (id, name, category, unit, current_qty, min_threshold, supplier, notes, created_by, created_at) VALUES ('0fac9867-ea71-54d3-a91b-62f1210184ad', 'NJ/279 FAW 16 HOLE JRA PREMIUM', 'lining_material', 'sets', 100, 10, NULL, NULL, '5aa0f6cd-cd77-51be-a7d8-c5f73eeb09f0', '2026-04-11T08:12:12.049836+00:00');
INSERT INTO public.stock (id, name, category, unit, current_qty, min_threshold, supplier, notes, created_by, created_at) VALUES ('d5e65e3d-677b-5d19-b36a-7e7fa64e835e', 'NN/CB/31/F SC', 'lining_material', 'sets', 0, 10, NULL, NULL, '5aa0f6cd-cd77-51be-a7d8-c5f73eeb09f0', '2026-04-11T08:23:51.119085+00:00');
INSERT INTO public.stock (id, name, category, unit, current_qty, min_threshold, supplier, notes, created_by, created_at) VALUES ('d90d1390-4dc9-583f-91f6-492374dcc310', 'CA 33/1 RANDOM SC', 'lining_material', 'sets', 0, 10, NULL, NULL, '5aa0f6cd-cd77-51be-a7d8-c5f73eeb09f0', '2026-04-11T08:12:33.939057+00:00');
INSERT INTO public.stock (id, name, category, unit, current_qty, min_threshold, supplier, notes, created_by, created_at) VALUES ('0a829a63-8e75-5f55-a8f7-c40e324b45da', 'FU 4/5 SC', 'lining_material', 'sets', 0, 10, NULL, NULL, '5aa0f6cd-cd77-51be-a7d8-c5f73eeb09f0', '2026-04-11T08:13:01.397488+00:00');
INSERT INTO public.stock (id, name, category, unit, current_qty, min_threshold, supplier, notes, created_by, created_at) VALUES ('23792d70-168a-5814-b467-fae991e158cc', 'MP 32/1 JRA  PREMIUM', 'lining_material', 'sets', 121, 10, NULL, NULL, '5aa0f6cd-cd77-51be-a7d8-c5f73eeb09f0', '2026-04-11T08:09:35.901767+00:00');
INSERT INTO public.stock (id, name, category, unit, current_qty, min_threshold, supplier, notes, created_by, created_at) VALUES ('2ae64d22-6743-56cd-8d43-913e6cba5510', 'IZ/FRR/F SC', 'lining_material', 'sets', 0, 10, NULL, NULL, '5aa0f6cd-cd77-51be-a7d8-c5f73eeb09f0', '2026-04-11T08:21:55.074159+00:00');
INSERT INTO public.stock (id, name, category, unit, current_qty, min_threshold, supplier, notes, created_by, created_at) VALUES ('7700918f-874f-525d-a5cc-2b3990c235dd', 'IZ/ NQR/4.3 SC', 'lining_material', 'sets', 0, 10, NULL, NULL, '5aa0f6cd-cd77-51be-a7d8-c5f73eeb09f0', '2026-04-11T08:23:10.806791+00:00');
INSERT INTO public.stock (id, name, category, unit, current_qty, min_threshold, supplier, notes, created_by, created_at) VALUES ('34146c2a-5869-5138-97ea-e5496dea2440', 'SV 42/1 SC', 'lining_material', 'sets', 0, 10, NULL, NULL, '5aa0f6cd-cd77-51be-a7d8-c5f73eeb09f0', '2026-04-11T08:15:41.735429+00:00');
INSERT INTO public.stock (id, name, category, unit, current_qty, min_threshold, supplier, notes, created_by, created_at) VALUES ('f96c97cf-ac48-53da-bbc3-173020a45415', 'NN/CB/31/R SC', 'lining_material', 'sets', 0, 10, NULL, NULL, '5aa0f6cd-cd77-51be-a7d8-c5f73eeb09f0', '2026-04-11T08:24:07.988669+00:00');
INSERT INTO public.stock (id, name, category, unit, current_qty, min_threshold, supplier, notes, created_by, created_at) VALUES ('04cde2c1-5dfb-5503-b147-dc1f26a8a644', 'FU 4/5 GENUACE', 'lining_material', 'sets', 0, 10, NULL, NULL, '5aa0f6cd-cd77-51be-a7d8-c5f73eeb09f0', '2026-04-11T08:13:37.230987+00:00');
INSERT INTO public.stock (id, name, category, unit, current_qty, min_threshold, supplier, notes, created_by, created_at) VALUES ('90e05e85-3cb5-5fd7-8b48-abde4675a7e4', 'SV 40/1 SC', 'lining_material', 'sets', 0, 10, NULL, NULL, '5aa0f6cd-cd77-51be-a7d8-c5f73eeb09f0', '2026-04-11T08:14:11.708678+00:00');
INSERT INTO public.stock (id, name, category, unit, current_qty, min_threshold, supplier, notes, created_by, created_at) VALUES ('d66e8b0e-3e96-5066-9376-dca7b61284c2', 'MP 36/1 SC', 'lining_material', 'sets', 140, 10, NULL, NULL, '5aa0f6cd-cd77-51be-a7d8-c5f73eeb09f0', '2026-04-11T08:11:13.606652+00:00');
INSERT INTO public.stock (id, name, category, unit, current_qty, min_threshold, supplier, notes, created_by, created_at) VALUES ('c5c5201e-ff1c-552c-959e-b83a1ca3b2e7', 'SV 42/1 SC PREMIUM', 'lining_material', 'sets', 0, 10, NULL, NULL, '5aa0f6cd-cd77-51be-a7d8-c5f73eeb09f0', '2026-04-11T08:15:17.609664+00:00');
INSERT INTO public.stock (id, name, category, unit, current_qty, min_threshold, supplier, notes, created_by, created_at) VALUES ('e2dc6671-f70a-5187-b167-517ed276456e', 'TS 1/1 TATA REAR', 'lining_material', 'sets', 0, 10, NULL, NULL, '5aa0f6cd-cd77-51be-a7d8-c5f73eeb09f0', '2026-04-11T08:19:14.099051+00:00');
INSERT INTO public.stock (id, name, category, unit, current_qty, min_threshold, supplier, notes, created_by, created_at) VALUES ('d183409f-9ad7-557c-aef5-7740325b382e', 'BC 37/1 SC', 'lining_material', 'sets', 117.5, 10, NULL, NULL, '5aa0f6cd-cd77-51be-a7d8-c5f73eeb09f0', '2026-04-11T08:03:37.301438+00:00');
INSERT INTO public.stock (id, name, category, unit, current_qty, min_threshold, supplier, notes, created_by, created_at) VALUES ('3ed79b7c-e60d-5025-9468-ffdbd6479688', 'BC 37/1 SC PRIMIUM', 'lining_material', 'sets', 202, 10, NULL, NULL, '5aa0f6cd-cd77-51be-a7d8-c5f73eeb09f0', '2026-04-11T08:00:37.149645+00:00');
INSERT INTO public.stock (id, name, category, unit, current_qty, min_threshold, supplier, notes, created_by, created_at) VALUES ('e3fe734c-3f6d-556a-b6e9-d744e8ceb47f', 'IL 66/67 JRA ECO', 'lining_material', 'sets', 0, 10, NULL, NULL, '5aa0f6cd-cd77-51be-a7d8-c5f73eeb09f0', '2026-04-11T08:06:55.200118+00:00');
INSERT INTO public.stock (id, name, category, unit, current_qty, min_threshold, supplier, notes, created_by, created_at) VALUES ('b2269943-65ba-55cc-8386-24abea62934b', 'BRAKEPAD JRA 29315', 'lining_material', 'sets', 2, 10, NULL, NULL, '5aa0f6cd-cd77-51be-a7d8-c5f73eeb09f0', '2026-04-11T08:30:05.151014+00:00');
INSERT INTO public.stock (id, name, category, unit, current_qty, min_threshold, supplier, notes, created_by, created_at) VALUES ('52d93cb8-c634-5faa-a2f1-a14003b6de7b', 'BC 37/1 JRA  ECO', 'lining_material', 'sets', 362, 10, NULL, NULL, '5aa0f6cd-cd77-51be-a7d8-c5f73eeb09f0', '2026-04-11T07:58:29.675739+00:00');
INSERT INTO public.stock (id, name, category, unit, current_qty, min_threshold, supplier, notes, created_by, created_at) VALUES ('791aa86d-3490-5879-a8e2-ec91ffcb3fa6', 'NJ/279 FAW 16 HOLE TRUCKTEC', 'lining_material', 'sets', 0, 10, NULL, NULL, '5aa0f6cd-cd77-51be-a7d8-c5f73eeb09f0', '2026-04-25T08:47:25.615246+00:00');
INSERT INTO public.stock (id, name, category, unit, current_qty, min_threshold, supplier, notes, created_by, created_at) VALUES ('504544d3-d623-587f-b75f-ef85b2fd385c', 'FH/100/F SC', 'lining_material', 'sets', 0, 10, NULL, NULL, '5aa0f6cd-cd77-51be-a7d8-c5f73eeb09f0', '2026-04-11T08:19:48.768252+00:00');
INSERT INTO public.stock (id, name, category, unit, current_qty, min_threshold, supplier, notes, created_by, created_at) VALUES ('17bd7cc7-601b-5afa-a8e7-1796e5b50c8c', 'BRAKEPAD JRA 29246', 'lining_material', 'sets', 17, 10, NULL, NULL, '5aa0f6cd-cd77-51be-a7d8-c5f73eeb09f0', '2026-04-11T08:29:27.190626+00:00');
INSERT INTO public.stock (id, name, category, unit, current_qty, min_threshold, supplier, notes, created_by, created_at) VALUES ('c3ba2bb1-f83b-587b-a7c3-d43dd6704779', 'FH/215/F SC', 'lining_material', 'sets', 0, 10, NULL, NULL, '5aa0f6cd-cd77-51be-a7d8-c5f73eeb09f0', '2026-04-11T08:21:08.048544+00:00');
INSERT INTO public.stock (id, name, category, unit, current_qty, min_threshold, supplier, notes, created_by, created_at) VALUES ('dbe895ef-eb61-5745-94fe-da5abb58b513', '19246 FAW 8 HOLE SC', 'lining_material', 'sets', 52, 10, NULL, NULL, '5aa0f6cd-cd77-51be-a7d8-c5f73eeb09f0', '2026-04-11T08:16:35.132921+00:00');
INSERT INTO public.stock (id, name, category, unit, current_qty, min_threshold, supplier, notes, created_by, created_at) VALUES ('4c07360d-c990-5ff4-8c50-b538c42ae007', 'BRAKEPAD LUNAR 29246', 'lining_material', 'sets', 0, 10, NULL, NULL, '5aa0f6cd-cd77-51be-a7d8-c5f73eeb09f0', '2026-04-11T08:29:02.345923+00:00');
INSERT INTO public.stock (id, name, category, unit, current_qty, min_threshold, supplier, notes, created_by, created_at) VALUES ('878039ec-08b3-5b62-a214-2c3cffea066a', 'SV 41/1 SC PREMIUM', 'lining_material', 'sets', 0, 10, NULL, NULL, '5aa0f6cd-cd77-51be-a7d8-c5f73eeb09f0', '2026-04-11T08:15:06.407313+00:00');
INSERT INTO public.stock (id, name, category, unit, current_qty, min_threshold, supplier, notes, created_by, created_at) VALUES ('6b904a2e-c9da-57a6-a5e5-62b18036e54f', 'FH/100/R SC', 'lining_material', 'sets', 0, 10, NULL, NULL, '5aa0f6cd-cd77-51be-a7d8-c5f73eeb09f0', '2026-04-11T08:20:04.116744+00:00');
INSERT INTO public.stock (id, name, category, unit, current_qty, min_threshold, supplier, notes, created_by, created_at) VALUES ('cc6646fb-dc11-5323-9d36-67046e32de0c', 'SUPERSINGLE 19283/284', 'lining_material', 'sets', 29, 10, NULL, NULL, '5aa0f6cd-cd77-51be-a7d8-c5f73eeb09f0', '2026-04-11T08:26:04.514251+00:00');
INSERT INTO public.stock (id, name, category, unit, current_qty, min_threshold, supplier, notes, created_by, created_at) VALUES ('5fc77b82-2296-5e32-a51d-8c95177a4870', 'IL 66/67 JRA PREMIUM', 'lining_material', 'sets', 158, 10, NULL, NULL, '5aa0f6cd-cd77-51be-a7d8-c5f73eeb09f0', '2026-04-11T08:07:32.976954+00:00');
INSERT INTO public.stock (id, name, category, unit, current_qty, min_threshold, supplier, notes, created_by, created_at) VALUES ('89c5f9cb-9974-5052-8d55-c60ce5b3e484', 'BRAKEPAD JRA 29087', 'lining_material', 'sets', 21, 10, NULL, NULL, '5aa0f6cd-cd77-51be-a7d8-c5f73eeb09f0', '2026-04-11T08:26:32.229356+00:00');
INSERT INTO public.stock (id, name, category, unit, current_qty, min_threshold, supplier, notes, created_by, created_at) VALUES ('5f43c78f-6f02-54e9-a820-df7bfb7d6246', 'IZ/145 T SC', 'lining_material', 'sets', 0, 10, NULL, NULL, '5aa0f6cd-cd77-51be-a7d8-c5f73eeb09f0', '2026-04-11T08:22:24.430700+00:00');
INSERT INTO public.stock (id, name, category, unit, current_qty, min_threshold, supplier, notes, created_by, created_at) VALUES ('f1832ab5-3c06-5c2d-b03a-af5c17092f57', 'LOWLOADER BC 80/1 ECO', 'lining_material', 'sets', 52, 10, NULL, NULL, '5aa0f6cd-cd77-51be-a7d8-c5f73eeb09f0', '2026-04-11T08:25:28.436749+00:00');
INSERT INTO public.stock (id, name, category, unit, current_qty, min_threshold, supplier, notes, created_by, created_at) VALUES ('50a88fbd-3ead-5ff9-9e97-8b815f7f6f49', 'AZ9761450119 SINO/HOWO REAR', 'lining_material', 'sets', 0, 10, NULL, NULL, '5aa0f6cd-cd77-51be-a7d8-c5f73eeb09f0', '2026-04-11T08:18:26.349867+00:00');
INSERT INTO public.stock (id, name, category, unit, current_qty, min_threshold, supplier, notes, created_by, created_at) VALUES ('dc84e4dc-5a0a-57ab-8105-57eb48fb8347', 'FH/215/R SC', 'lining_material', 'sets', 0, 10, NULL, NULL, '5aa0f6cd-cd77-51be-a7d8-c5f73eeb09f0', '2026-04-11T08:20:54.608746+00:00');
INSERT INTO public.stock (id, name, category, unit, current_qty, min_threshold, supplier, notes, created_by, created_at) VALUES ('83a2e2b3-0869-592c-8d6e-eabfe9280b48', 'BEARINGS 33118', 'lining_material', 'sets', 0, 10, NULL, NULL, '5aa0f6cd-cd77-51be-a7d8-c5f73eeb09f0', '2026-04-11T08:32:49.235322+00:00');
INSERT INTO public.stock (id, name, category, unit, current_qty, min_threshold, supplier, notes, created_by, created_at) VALUES ('d254f6f0-206d-5f7a-8dfd-6a2b4e2c3a73', 'RIVETS ALUMINIUM M12', 'lining_material', 'sets', 0, 10, NULL, NULL, '5aa0f6cd-cd77-51be-a7d8-c5f73eeb09f0', '2026-04-11T08:36:46.470451+00:00');
INSERT INTO public.stock (id, name, category, unit, current_qty, min_threshold, supplier, notes, created_by, created_at) VALUES ('80e0e916-18da-5b3a-a2ae-908c54bfec20', 'BRAKEPAD JRA 29244', 'lining_material', 'sets', 15, 10, NULL, NULL, '5aa0f6cd-cd77-51be-a7d8-c5f73eeb09f0', '2026-04-11T08:27:54.556578+00:00');
INSERT INTO public.stock (id, name, category, unit, current_qty, min_threshold, supplier, notes, created_by, created_at) VALUES ('5cbc78e7-633a-560a-a13d-2a49b15c6f60', 'BRAKEPAD LUNAR  29315', 'lining_material', 'sets', 0, 10, NULL, NULL, '5aa0f6cd-cd77-51be-a7d8-c5f73eeb09f0', '2026-04-11T08:31:38.302919+00:00');
INSERT INTO public.stock (id, name, category, unit, current_qty, min_threshold, supplier, notes, created_by, created_at) VALUES ('f39f3f49-c511-5242-bd4d-174621395d79', 'BRAKEPAD LUNAR 29244', 'lining_material', 'sets', 0, 10, NULL, NULL, '5aa0f6cd-cd77-51be-a7d8-c5f73eeb09f0', '2026-04-11T08:28:21.768830+00:00');
INSERT INTO public.stock (id, name, category, unit, current_qty, min_threshold, supplier, notes, created_by, created_at) VALUES ('b204eb08-dc32-52ad-b81f-7efa2ed63a0c', 'BEARINGS 33213', 'lining_material', 'sets', 0, 10, NULL, NULL, '5aa0f6cd-cd77-51be-a7d8-c5f73eeb09f0', '2026-04-11T08:32:29.961056+00:00');
INSERT INTO public.stock (id, name, category, unit, current_qty, min_threshold, supplier, notes, created_by, created_at) VALUES ('0cdb2ca2-e9fb-5240-b8f4-d9d4ffb9cc0a', 'TATA 109 SC', 'lining_material', 'sets', 0, 10, NULL, NULL, '5aa0f6cd-cd77-51be-a7d8-c5f73eeb09f0', '2026-04-11T08:21:24.960637+00:00');
INSERT INTO public.stock (id, name, category, unit, current_qty, min_threshold, supplier, notes, created_by, created_at) VALUES ('bacb75ba-553c-5d45-9a6a-f6e6b761c556', 'BC 37/1 TRUCKTEC', 'lining_material', 'sets', 0, 10, NULL, NULL, '5aa0f6cd-cd77-51be-a7d8-c5f73eeb09f0', '2026-04-25T08:46:17.606293+00:00');
INSERT INTO public.stock (id, name, category, unit, current_qty, min_threshold, supplier, notes, created_by, created_at) VALUES ('788c2769-5994-5e13-a954-1adaf06662c8', 'NJ/279 FAW 16 HOLE JRA ECO', 'lining_material', 'sets', 37, 10, NULL, NULL, '5aa0f6cd-cd77-51be-a7d8-c5f73eeb09f0', '2026-04-11T08:11:54.325860+00:00');
INSERT INTO public.stock (id, name, category, unit, current_qty, min_threshold, supplier, notes, created_by, created_at) VALUES ('c7ce1db7-af3b-5145-8868-7fe6844259ae', 'SV 41/1 SC', 'lining_material', 'sets', 0, 10, NULL, NULL, '5aa0f6cd-cd77-51be-a7d8-c5f73eeb09f0', '2026-04-11T08:14:40.066718+00:00');
INSERT INTO public.stock (id, name, category, unit, current_qty, min_threshold, supplier, notes, created_by, created_at) VALUES ('fb4929c5-b2b0-5faa-9ba3-a75bc5bcb77a', 'BC 37/1 JRA TITANIUM', 'lining_material', 'sets', 338, 10, NULL, NULL, '5aa0f6cd-cd77-51be-a7d8-c5f73eeb09f0', '2026-04-11T07:59:42.666563+00:00');
INSERT INTO public.stock (id, name, category, unit, current_qty, min_threshold, supplier, notes, created_by, created_at) VALUES ('7db99817-820f-5405-bf16-bf131ba3f0a3', 'BC 36/1 SC PREMIUM', 'lining_material', 'sets', 3, 10, NULL, NULL, '5aa0f6cd-cd77-51be-a7d8-c5f73eeb09f0', '2026-04-11T08:05:56.387124+00:00');
INSERT INTO public.stock (id, name, category, unit, current_qty, min_threshold, supplier, notes, created_by, created_at) VALUES ('5c223826-5059-511a-9537-0aa05dbaaea6', 'TS 1/1 TATA FRONT', 'lining_material', 'sets', 0, 10, NULL, NULL, '5aa0f6cd-cd77-51be-a7d8-c5f73eeb09f0', '2026-04-11T08:18:54.396271+00:00');
INSERT INTO public.stock (id, name, category, unit, current_qty, min_threshold, supplier, notes, created_by, created_at) VALUES ('eef05691-dbbb-5aa6-86f5-73c952d57ad7', '3501390-Q805 FAW FRONT NO.2', 'lining_material', 'sets', 0, 10, NULL, NULL, '5aa0f6cd-cd77-51be-a7d8-c5f73eeb09f0', '2026-04-11T08:17:27.463578+00:00');
INSERT INTO public.stock (id, name, category, unit, current_qty, min_threshold, supplier, notes, created_by, created_at) VALUES ('574b1dae-4c14-52d7-be90-207f09474708', 'BRAKEPAD LUNAR 29087', 'lining_material', 'sets', 0, 10, NULL, NULL, '5aa0f6cd-cd77-51be-a7d8-c5f73eeb09f0', '2026-04-11T08:27:11.040131+00:00');

-- ---------- jobs (55) ----------
INSERT INTO public.jobs (id, job_number, customer_id, description, quantity, condition, intake_notes, date_received, priority, status, materials, status_history, invoice_data, delivery_record, created_by, created_at) VALUES ('c0937289-3e55-5285-91b4-2c60d3a43bb6', 'JB0005', 'dd444d44-ac0f-5ebc-95a4-aaaa2dcdf85f', 'BRAKELINING', 1, 'worn', NULL, '2026-04-22T00:00:00.000Z', 'normal', 'collected', '[{"stockId": "52d93cb8-c634-5faa-a2f1-a14003b6de7b", "quantity": 8.0}]'::jsonb, '[{"status": "received", "timestamp": "2026-04-22T08:19:42.069Z"}, {"status": "workshop", "timestamp": "2026-04-22T08:19:48.382Z"}, {"status": "relining", "timestamp": "2026-04-22T08:19:49.533Z"}, {"status": "qc", "timestamp": "2026-04-22T08:19:51.317Z"}, {"status": "done", "timestamp": "2026-04-22T08:19:52.623Z"}, {"status": "collected", "timestamp": "2026-04-22T08:20:49.144Z"}]'::jsonb, NULL, '{"collectedBy": "DELIVERY", "collectionDate": "2026-04-22T00:00:00.000Z", "condition": "good_ready", "whatDelivered": "BRAKELINING"}'::jsonb, '5aa0f6cd-cd77-51be-a7d8-c5f73eeb09f0', '2026-04-22T08:19:42.069265+00:00');
INSERT INTO public.jobs (id, job_number, customer_id, description, quantity, condition, intake_notes, date_received, priority, status, materials, status_history, invoice_data, delivery_record, created_by, created_at) VALUES ('5745913a-7d38-53af-b134-14bf9303d206', 'JB0037', '08fd959b-46ee-5bfe-a169-1d8ccda22084', 'TRAILER', 6, 'worn', NULL, '2026-05-09T00:00:00.000Z', 'normal', 'collected', '[{"stockId": "fb4929c5-b2b0-5faa-9ba3-a75bc5bcb77a", "quantity": 6.0}]'::jsonb, '[{"status": "received", "timestamp": "2026-05-11T07:37:26.876Z"}, {"status": "done", "timestamp": "2026-05-11T07:37:31.023Z"}, {"status": "collected", "timestamp": "2026-05-11T07:37:47.622Z"}]'::jsonb, NULL, '{"collectedBy": "DELIVERY", "collectionDate": "2026-05-11T00:00:00.000Z", "condition": "good_ready", "whatDelivered": "TRAILER"}'::jsonb, '5aa0f6cd-cd77-51be-a7d8-c5f73eeb09f0', '2026-05-11T07:37:26.876421+00:00');
INSERT INTO public.jobs (id, job_number, customer_id, description, quantity, condition, intake_notes, date_received, priority, status, materials, status_history, invoice_data, delivery_record, created_by, created_at) VALUES ('fa3fa9d3-5721-578e-85dd-19e3092104cc', 'JB0015', 'f7708b91-847e-5815-ab24-146915161c5e', 'TRAILER BRAKELINING', 6, 'worn', NULL, '2026-04-27T00:00:00.000Z', 'normal', 'collected', '[{"stockId": "52d93cb8-c634-5faa-a2f1-a14003b6de7b", "quantity": 6.0}]'::jsonb, '[{"status": "received", "timestamp": "2026-04-29T08:20:57.437Z"}, {"status": "done", "timestamp": "2026-04-29T08:21:01.705Z"}, {"status": "collected", "timestamp": "2026-04-29T08:21:17.859Z"}]'::jsonb, NULL, '{"collectedBy": "COLLECTED", "collectionDate": "2026-04-29T00:00:00.000Z", "condition": "good_ready", "whatDelivered": "TRAILER BRAKELINING"}'::jsonb, '5aa0f6cd-cd77-51be-a7d8-c5f73eeb09f0', '2026-04-29T08:20:57.437449+00:00');
INSERT INTO public.jobs (id, job_number, customer_id, description, quantity, condition, intake_notes, date_received, priority, status, materials, status_history, invoice_data, delivery_record, created_by, created_at) VALUES ('390aa568-1195-5b60-a761-425031c9074a', 'JB0007', '63ad86e9-5a9b-5aff-be4a-351eafbf7a23', 'BRAKELININGS`', 1, 'good', 'DELIVERY FOR EXCHANGE WITH CLIENTS SHOES', '2026-04-23T00:00:00.000Z', 'normal', 'collected', '[{"stockId": "52d93cb8-c634-5faa-a2f1-a14003b6de7b", "quantity": 6.0}]'::jsonb, '[{"status": "received", "timestamp": "2026-04-23T07:44:30.507Z"}, {"status": "workshop", "timestamp": "2026-04-23T07:44:39.727Z"}, {"status": "relining", "timestamp": "2026-04-23T07:44:42.713Z"}, {"status": "qc", "timestamp": "2026-04-23T07:44:45.724Z"}, {"status": "done", "timestamp": "2026-04-23T07:45:10.062Z"}, {"status": "collected", "timestamp": "2026-04-23T07:46:12.190Z"}]'::jsonb, NULL, '{"collectedBy": "DELIVERY", "collectionDate": "2026-04-23T00:00:00.000Z", "condition": "good_ready", "whatDelivered": "BRAKELININGS`EXCHANGED ON DELIVERY"}'::jsonb, '5aa0f6cd-cd77-51be-a7d8-c5f73eeb09f0', '2026-04-23T07:44:30.507476+00:00');
INSERT INTO public.jobs (id, job_number, customer_id, description, quantity, condition, intake_notes, date_received, priority, status, materials, status_history, invoice_data, delivery_record, created_by, created_at) VALUES ('f9a6a715-c8c3-5c61-8aee-2f1dc0551d54', 'JB0021', 'ca2f8da6-33b7-5463-bb95-da100c172216', 'trailer', 1, 'worn', NULL, '2026-04-28T00:00:00.000Z', 'normal', 'collected', '[{"stockId": "52d93cb8-c634-5faa-a2f1-a14003b6de7b", "quantity": 1.0}]'::jsonb, '[{"status": "received", "timestamp": "2026-04-29T08:31:09.537Z"}, {"status": "done", "timestamp": "2026-04-29T08:33:15.004Z"}, {"status": "collected", "timestamp": "2026-04-29T08:33:40.340Z"}]'::jsonb, NULL, '{"collectedBy": "RIYAZ", "collectionDate": "2026-04-28T00:00:00.000Z", "condition": "good_ready", "whatDelivered": "trailer"}'::jsonb, '5aa0f6cd-cd77-51be-a7d8-c5f73eeb09f0', '2026-04-29T08:31:09.537203+00:00');
INSERT INTO public.jobs (id, job_number, customer_id, description, quantity, condition, intake_notes, date_received, priority, status, materials, status_history, invoice_data, delivery_record, created_by, created_at) VALUES ('6275d80a-c0ad-52e5-853f-9e94c6c9b51f', 'JB0032', '5475cc64-b34d-5fbd-a463-f862427b073b', 'DIFF', 1, 'worn', NULL, '2026-05-06T00:00:00.000Z', 'normal', 'collected', '[{"stockId": "788c2769-5994-5e13-a954-1adaf06662c8", "quantity": 1.0}]'::jsonb, '[{"status": "received", "timestamp": "2026-05-08T07:48:12.618Z"}, {"status": "done", "timestamp": "2026-05-08T07:48:16.792Z"}, {"status": "collected", "timestamp": "2026-05-08T07:48:32.662Z"}]'::jsonb, NULL, '{"collectedBy": "COLLECTED", "collectionDate": "2026-05-08T00:00:00.000Z", "condition": "good_ready", "whatDelivered": "DIFF"}'::jsonb, '5aa0f6cd-cd77-51be-a7d8-c5f73eeb09f0', '2026-05-08T07:48:12.617965+00:00');
INSERT INTO public.jobs (id, job_number, customer_id, description, quantity, condition, intake_notes, date_received, priority, status, materials, status_history, invoice_data, delivery_record, created_by, created_at) VALUES ('e0cb2282-bbc9-56cf-9acf-4f62b0e322d9', 'JB0045', 'f7708b91-847e-5815-ab24-146915161c5e', 'TRAILER', 4, 'worn', NULL, '2026-05-15T00:00:00.000Z', 'normal', 'collected', '[{"stockId": "d183409f-9ad7-557c-aef5-7740325b382e", "quantity": 4.0}]'::jsonb, '[{"status": "received", "timestamp": "2026-05-18T08:56:59.697Z"}, {"status": "done", "timestamp": "2026-05-18T08:57:09.090Z"}, {"status": "collected", "timestamp": "2026-05-18T08:57:35.356Z"}]'::jsonb, NULL, '{"collectedBy": "COLLECTED", "collectionDate": "2026-05-18T00:00:00.000Z", "condition": "good_ready", "whatDelivered": "TRAILER"}'::jsonb, '5aa0f6cd-cd77-51be-a7d8-c5f73eeb09f0', '2026-05-18T08:56:59.697116+00:00');
INSERT INTO public.jobs (id, job_number, customer_id, description, quantity, condition, intake_notes, date_received, priority, status, materials, status_history, invoice_data, delivery_record, created_by, created_at) VALUES ('46ddcd2b-a72b-53e1-99c1-9f29725911a5', 'JB0016', 'f7708b91-847e-5815-ab24-146915161c5e', 'trailer', 5, 'worn', NULL, '2026-04-27T00:00:00.000Z', 'normal', 'collected', '[{"stockId": "d183409f-9ad7-557c-aef5-7740325b382e", "quantity": 5.0}]'::jsonb, '[{"status": "received", "timestamp": "2026-04-29T08:22:33.074Z"}, {"status": "done", "timestamp": "2026-04-29T08:22:39.417Z"}, {"status": "collected", "timestamp": "2026-04-29T08:22:51.258Z"}]'::jsonb, NULL, '{"collectedBy": "COLLECTED", "collectionDate": "2026-04-29T00:00:00.000Z", "condition": "good_ready", "whatDelivered": "trailer"}'::jsonb, '5aa0f6cd-cd77-51be-a7d8-c5f73eeb09f0', '2026-04-29T08:22:33.074298+00:00');
INSERT INTO public.jobs (id, job_number, customer_id, description, quantity, condition, intake_notes, date_received, priority, status, materials, status_history, invoice_data, delivery_record, created_by, created_at) VALUES ('7b14251e-0d69-5324-9cab-1b25ce4bd864', 'JB0033', 'f7708b91-847e-5815-ab24-146915161c5e', 'TRAILER', 7, 'worn', NULL, '2026-05-07T00:00:00.000Z', 'normal', 'collected', '[{"stockId": "d183409f-9ad7-557c-aef5-7740325b382e", "quantity": 7.0}]'::jsonb, '[{"status": "received", "timestamp": "2026-05-08T07:49:51.350Z"}, {"status": "done", "timestamp": "2026-05-08T07:49:54.929Z"}, {"status": "collected", "timestamp": "2026-05-08T07:50:09.509Z"}]'::jsonb, NULL, '{"collectedBy": "COLLECTED", "collectionDate": "2026-05-08T00:00:00.000Z", "condition": "good_ready", "whatDelivered": "TRAILER"}'::jsonb, '5aa0f6cd-cd77-51be-a7d8-c5f73eeb09f0', '2026-05-08T07:49:51.350633+00:00');
INSERT INTO public.jobs (id, job_number, customer_id, description, quantity, condition, intake_notes, date_received, priority, status, materials, status_history, invoice_data, delivery_record, created_by, created_at) VALUES ('59702b4f-1465-5e2e-8336-0158167df52b', 'JB0013', 'dd444d44-ac0f-5ebc-95a4-aaaa2dcdf85f', 'TRAILER', 6, 'good', NULL, '2026-04-25T00:00:00.000Z', 'normal', 'collected', '[{"stockId": "bacb75ba-553c-5d45-9a6a-f6e6b761c556", "quantity": 6.0}]'::jsonb, '[{"status": "received", "timestamp": "2026-04-25T08:50:45.861Z"}, {"status": "workshop", "timestamp": "2026-04-29T08:18:30.102Z"}, {"status": "relining", "timestamp": "2026-04-29T08:18:31.911Z"}, {"status": "qc", "timestamp": "2026-04-29T08:18:59.330Z"}, {"status": "done", "timestamp": "2026-04-29T08:19:00.868Z"}, {"status": "collected", "timestamp": "2026-04-29T08:19:19.013Z"}]'::jsonb, NULL, '{"collectedBy": "DELIVERY", "collectionDate": "2026-04-29T00:00:00.000Z", "condition": "good_ready", "whatDelivered": "TRAILER"}'::jsonb, '5aa0f6cd-cd77-51be-a7d8-c5f73eeb09f0', '2026-04-25T08:50:45.861685+00:00');
INSERT INTO public.jobs (id, job_number, customer_id, description, quantity, condition, intake_notes, date_received, priority, status, materials, status_history, invoice_data, delivery_record, created_by, created_at) VALUES ('84ef8009-2196-58c9-9a54-45aeabacb565', 'JB0004', 'bb93179f-f422-51d1-b18d-e5888c3b3fb0', 'BRAKELINING', 1, 'good', NULL, '2026-04-22T00:00:00.000Z', 'normal', 'collected', '[{"stockId": "788c2769-5994-5e13-a954-1adaf06662c8", "quantity": 24.0}]'::jsonb, '[{"status": "received", "timestamp": "2026-04-22T08:08:03.217Z"}, {"status": "workshop", "timestamp": "2026-04-22T08:08:29.062Z"}, {"status": "relining", "timestamp": "2026-04-22T08:08:31.036Z"}, {"status": "qc", "timestamp": "2026-04-22T08:08:33.005Z"}, {"status": "done", "timestamp": "2026-04-22T08:08:36.936Z"}, {"status": "collected", "timestamp": "2026-04-22T08:08:52.366Z"}]'::jsonb, NULL, '{"collectedBy": "DELIVERY", "collectionDate": "2026-04-22T00:00:00.000Z", "condition": "good_ready", "whatDelivered": "BRAKELINING"}'::jsonb, '5aa0f6cd-cd77-51be-a7d8-c5f73eeb09f0', '2026-04-22T08:08:03.217236+00:00');
INSERT INTO public.jobs (id, job_number, customer_id, description, quantity, condition, intake_notes, date_received, priority, status, materials, status_history, invoice_data, delivery_record, created_by, created_at) VALUES ('ed5d19d9-8d9b-5303-bb6b-4158703e1ebc', 'JB0049', 'bb93179f-f422-51d1-b18d-e5888c3b3fb0', 'DIFF', 24, 'good', NULL, '2026-05-20T00:00:00.000Z', 'normal', 'received', '[{"stockId": "788c2769-5994-5e13-a954-1adaf06662c8", "quantity": 24.0}]'::jsonb, '[{"status": "received", "timestamp": "2026-05-25T07:45:28.388Z"}]'::jsonb, NULL, NULL, '5aa0f6cd-cd77-51be-a7d8-c5f73eeb09f0', '2026-05-25T07:45:28.388106+00:00');
INSERT INTO public.jobs (id, job_number, customer_id, description, quantity, condition, intake_notes, date_received, priority, status, materials, status_history, invoice_data, delivery_record, created_by, created_at) VALUES ('8e1d248a-8a23-5f66-b7a0-0fb155582743', 'JB0023', 'bb93179f-f422-51d1-b18d-e5888c3b3fb0', 'DIFF', 24, 'good', NULL, '2026-04-30T00:00:00.000Z', 'normal', 'collected', '[{"stockId": "23792d70-168a-5814-b467-fae991e158cc", "quantity": 24.0}]'::jsonb, '[{"status": "received", "timestamp": "2026-04-30T08:22:20.768Z"}, {"status": "done", "timestamp": "2026-04-30T08:22:35.925Z"}, {"status": "collected", "timestamp": "2026-04-30T08:22:53.045Z"}]'::jsonb, NULL, '{"collectedBy": "DELIVERY", "collectionDate": "2026-04-30T00:00:00.000Z", "condition": "good_ready", "whatDelivered": "DIFF"}'::jsonb, '5aa0f6cd-cd77-51be-a7d8-c5f73eeb09f0', '2026-04-30T08:22:20.768644+00:00');
INSERT INTO public.jobs (id, job_number, customer_id, description, quantity, condition, intake_notes, date_received, priority, status, materials, status_history, invoice_data, delivery_record, created_by, created_at) VALUES ('4b276d7a-0b89-5ee4-8fd8-fc8803be7b0f', 'JB0028', '5475cc64-b34d-5fbd-a463-f862427b073b', 'TRAILER', 1, 'worn', NULL, '2026-05-04T00:00:00.000Z', 'normal', 'collected', '[{"stockId": "d183409f-9ad7-557c-aef5-7740325b382e", "quantity": 0.5}]'::jsonb, '[{"status": "received", "timestamp": "2026-05-05T07:38:08.384Z"}, {"status": "workshop", "timestamp": "2026-05-05T07:41:02.566Z"}, {"status": "done", "timestamp": "2026-05-05T07:41:03.624Z"}, {"status": "collected", "timestamp": "2026-05-05T07:41:24.070Z"}]'::jsonb, NULL, '{"collectedBy": "COLLECTED", "collectionDate": "2026-05-05T00:00:00.000Z", "condition": "good_ready", "whatDelivered": "TRAILER"}'::jsonb, '5aa0f6cd-cd77-51be-a7d8-c5f73eeb09f0', '2026-05-05T07:38:08.384536+00:00');
INSERT INTO public.jobs (id, job_number, customer_id, description, quantity, condition, intake_notes, date_received, priority, status, materials, status_history, invoice_data, delivery_record, created_by, created_at) VALUES ('61d5da1d-f4c8-5658-a3d7-f1c50e80ab21', 'JB0048', '1368b357-0a8f-59f1-bffd-f5c978137e82', 'BRAKEPADS', 3, 'good', NULL, '2026-05-20T00:00:00.000Z', 'normal', 'received', '[{"stockId": "b2269943-65ba-55cc-8386-24abea62934b", "quantity": 3.0}]'::jsonb, '[{"status": "received", "timestamp": "2026-05-25T07:43:18.348Z"}]'::jsonb, NULL, NULL, '5aa0f6cd-cd77-51be-a7d8-c5f73eeb09f0', '2026-05-25T07:43:18.348100+00:00');
INSERT INTO public.jobs (id, job_number, customer_id, description, quantity, condition, intake_notes, date_received, priority, status, materials, status_history, invoice_data, delivery_record, created_by, created_at) VALUES ('514dcaea-8138-54b9-aca4-15972457f611', 'JB0054', '63ad86e9-5a9b-5aff-be4a-351eafbf7a23', 'TRAILER', 6, 'worn', NULL, '2026-05-20T00:00:00.000Z', 'normal', 'received', '[{"stockId": "089af998-5910-58dd-b328-1f05959b204d", "quantity": 6.0}]'::jsonb, '[{"status": "received", "timestamp": "2026-05-25T07:57:46.947Z"}]'::jsonb, NULL, NULL, '5aa0f6cd-cd77-51be-a7d8-c5f73eeb09f0', '2026-05-25T07:57:46.947751+00:00');
INSERT INTO public.jobs (id, job_number, customer_id, description, quantity, condition, intake_notes, date_received, priority, status, materials, status_history, invoice_data, delivery_record, created_by, created_at) VALUES ('05d69fb2-1722-5ba1-a16f-02fd78693a4b', 'JB0002', 'dd444d44-ac0f-5ebc-95a4-aaaa2dcdf85f', 'DIFF AND TRAILER', 1, 'worn', NULL, '2026-04-21T00:00:00.000Z', 'normal', 'collected', '[{"stockId": "52d93cb8-c634-5faa-a2f1-a14003b6de7b", "quantity": 3.0}, {"stockId": "788c2769-5994-5e13-a954-1adaf06662c8", "quantity": 4.0}]'::jsonb, '[{"status": "received", "timestamp": "2026-04-21T07:40:14.711Z"}, {"status": "workshop", "timestamp": "2026-04-21T07:40:46.721Z"}, {"status": "relining", "timestamp": "2026-04-21T07:41:16.732Z"}, {"status": "qc", "timestamp": "2026-04-21T07:41:20.607Z"}, {"status": "done", "timestamp": "2026-04-21T07:41:27.264Z"}, {"status": "collected", "timestamp": "2026-04-21T07:42:02.978Z"}]'::jsonb, NULL, '{"collectedBy": "DELIVERY", "collectionDate": "2026-04-21T00:00:00.000Z", "condition": "good_ready", "whatDelivered": "DIFF AND TRAILER"}'::jsonb, '5aa0f6cd-cd77-51be-a7d8-c5f73eeb09f0', '2026-04-21T07:40:14.711076+00:00');
INSERT INTO public.jobs (id, job_number, customer_id, description, quantity, condition, intake_notes, date_received, priority, status, materials, status_history, invoice_data, delivery_record, created_by, created_at) VALUES ('33938390-0f1b-5323-8b55-ae4f383ea066', 'JB0039', '1368b357-0a8f-59f1-bffd-f5c978137e82', 'BRAKEPADS', 4, 'good', NULL, '2026-05-13T00:00:00.000Z', 'normal', 'collected', '[{"stockId": "b2269943-65ba-55cc-8386-24abea62934b", "quantity": 4.0}]'::jsonb, '[{"status": "received", "timestamp": "2026-05-13T07:48:47.612Z"}, {"status": "done", "timestamp": "2026-05-13T07:48:52.743Z"}, {"status": "collected", "timestamp": "2026-05-13T07:49:11.466Z"}]'::jsonb, NULL, '{"collectedBy": "DELIVERY", "collectionDate": "2026-05-11T00:00:00.000Z", "condition": "good_ready", "whatDelivered": "BRAKEPADS"}'::jsonb, '5aa0f6cd-cd77-51be-a7d8-c5f73eeb09f0', '2026-05-13T07:48:47.612634+00:00');
INSERT INTO public.jobs (id, job_number, customer_id, description, quantity, condition, intake_notes, date_received, priority, status, materials, status_history, invoice_data, delivery_record, created_by, created_at) VALUES ('62e1e4ce-0d6d-5971-a6e6-90bf6bed408c', 'JB0052', 'af2848c8-74d7-5a55-8758-17dfc1e94032', 'TRAILER AND DIFF', 12, 'worn', NULL, '2026-05-20T00:00:00.000Z', 'normal', 'received', '[{"stockId": "d183409f-9ad7-557c-aef5-7740325b382e", "quantity": 6.0}, {"stockId": "5fc77b82-2296-5e32-a51d-8c95177a4870", "quantity": 4.0}]'::jsonb, '[{"status": "received", "timestamp": "2026-05-25T07:50:57.418Z"}]'::jsonb, NULL, NULL, '5aa0f6cd-cd77-51be-a7d8-c5f73eeb09f0', '2026-05-25T07:50:57.418071+00:00');
INSERT INTO public.jobs (id, job_number, customer_id, description, quantity, condition, intake_notes, date_received, priority, status, materials, status_history, invoice_data, delivery_record, created_by, created_at) VALUES ('ecdec0c8-414d-5253-9a57-92cacf57b39a', 'JB0031', 'c0f8778f-86a9-56d3-8b10-2bacd8763407', 'TRAILER', 6, 'worn', NULL, '2026-05-08T00:00:00.000Z', 'normal', 'collected', '[{"stockId": "be9cd16f-3314-5700-a8ad-a2fbccc348a0", "quantity": 6.0}]'::jsonb, '[{"status": "received", "timestamp": "2026-05-08T07:46:51.366Z"}, {"status": "done", "timestamp": "2026-05-08T07:46:56.260Z"}, {"status": "collected", "timestamp": "2026-05-08T07:47:11.797Z"}]'::jsonb, NULL, '{"collectedBy": "DELIVERY", "collectionDate": "2026-05-08T00:00:00.000Z", "condition": "good_ready", "whatDelivered": "TRAILER"}'::jsonb, '5aa0f6cd-cd77-51be-a7d8-c5f73eeb09f0', '2026-05-08T07:46:51.366421+00:00');
INSERT INTO public.jobs (id, job_number, customer_id, description, quantity, condition, intake_notes, date_received, priority, status, materials, status_history, invoice_data, delivery_record, created_by, created_at) VALUES ('677b3d7d-cd56-5b83-8c5d-ba55954f825b', 'JB0011', '1368b357-0a8f-59f1-bffd-f5c978137e82', 'brakepads', 6, 'good', NULL, '2026-04-24T00:00:00.000Z', 'normal', 'collected', '[{"stockId": "b2269943-65ba-55cc-8386-24abea62934b", "quantity": 6.0}]'::jsonb, '[{"status": "received", "timestamp": "2026-04-24T07:46:45.986Z"}, {"status": "workshop", "timestamp": "2026-04-24T07:46:50.094Z"}, {"status": "relining", "timestamp": "2026-04-24T07:46:51.230Z"}, {"status": "qc", "timestamp": "2026-04-24T07:46:53.622Z"}, {"status": "done", "timestamp": "2026-04-24T07:46:55.431Z"}, {"status": "collected", "timestamp": "2026-04-24T07:47:37.055Z"}]'::jsonb, NULL, '{"collectedBy": "DELIVERY", "collectionDate": "2026-04-24T00:00:00.000Z", "condition": "good_ready", "whatDelivered": "brakepads"}'::jsonb, '5aa0f6cd-cd77-51be-a7d8-c5f73eeb09f0', '2026-04-24T07:46:45.986185+00:00');
INSERT INTO public.jobs (id, job_number, customer_id, description, quantity, condition, intake_notes, date_received, priority, status, materials, status_history, invoice_data, delivery_record, created_by, created_at) VALUES ('61e90b11-9cef-5125-8fa2-d2582c041652', 'JB0034', '3eefc966-ff59-55d7-ad34-f2c10a3f7825', 'TRAILER', 6, 'worn', NULL, '2026-05-05T00:00:00.000Z', 'normal', 'collected', '[{"stockId": "fb4929c5-b2b0-5faa-9ba3-a75bc5bcb77a", "quantity": 6.0}]'::jsonb, '[{"status": "received", "timestamp": "2026-05-08T07:52:01.295Z"}, {"status": "done", "timestamp": "2026-05-08T07:52:09.353Z"}, {"status": "collected", "timestamp": "2026-05-08T07:52:26.938Z"}]'::jsonb, NULL, '{"collectedBy": "DELIVERY", "collectionDate": "2026-05-05T00:00:00.000Z", "condition": "good_ready", "whatDelivered": "TRAILER"}'::jsonb, '5aa0f6cd-cd77-51be-a7d8-c5f73eeb09f0', '2026-05-08T07:52:01.295213+00:00');
INSERT INTO public.jobs (id, job_number, customer_id, description, quantity, condition, intake_notes, date_received, priority, status, materials, status_history, invoice_data, delivery_record, created_by, created_at) VALUES ('d6bb4c9f-5a2f-5d33-bf27-6f31c76b3f31', 'JB0040', '847a3362-4325-52f0-9c7b-a0feddfee4d7', 'TRAILER AND DIFF', 9, 'worn', NULL, '2026-05-12T00:00:00.000Z', 'normal', 'collected', '[{"stockId": "d183409f-9ad7-557c-aef5-7740325b382e", "quantity": 8.0}]'::jsonb, '[{"status": "received", "timestamp": "2026-05-13T07:51:24.494Z"}, {"status": "done", "timestamp": "2026-05-13T07:51:28.982Z"}, {"status": "collected", "timestamp": "2026-05-13T07:51:51.278Z"}]'::jsonb, NULL, '{"collectedBy": "COLLECTED", "collectionDate": "2026-05-13T00:00:00.000Z", "condition": "good_ready", "whatDelivered": "TRAILER AND DIFF"}'::jsonb, '5aa0f6cd-cd77-51be-a7d8-c5f73eeb09f0', '2026-05-13T07:51:24.494033+00:00');
INSERT INTO public.jobs (id, job_number, customer_id, description, quantity, condition, intake_notes, date_received, priority, status, materials, status_history, invoice_data, delivery_record, created_by, created_at) VALUES ('a0999462-e89d-5d2c-9dbf-c804dcfbcdba', 'JB0012', 'dd444d44-ac0f-5ebc-95a4-aaaa2dcdf85f', 'TRAILER', 6, 'good', NULL, '2026-04-24T00:00:00.000Z', 'normal', 'collected', '[{"stockId": "bacb75ba-553c-5d45-9a6a-f6e6b761c556", "quantity": 6.0}]'::jsonb, '[{"status": "received", "timestamp": "2026-04-25T08:49:15.053Z"}, {"status": "workshop", "timestamp": "2026-04-25T08:49:20.363Z"}, {"status": "relining", "timestamp": "2026-04-25T08:49:21.514Z"}, {"status": "qc", "timestamp": "2026-04-25T08:49:22.156Z"}, {"status": "done", "timestamp": "2026-04-25T08:49:23.226Z"}, {"status": "collected", "timestamp": "2026-04-25T08:49:49.641Z"}]'::jsonb, NULL, '{"collectedBy": "DELIVERY", "collectionDate": "2026-04-25T00:00:00.000Z", "condition": "good_ready", "whatDelivered": "TRAILER"}'::jsonb, '5aa0f6cd-cd77-51be-a7d8-c5f73eeb09f0', '2026-04-25T08:49:15.053242+00:00');
INSERT INTO public.jobs (id, job_number, customer_id, description, quantity, condition, intake_notes, date_received, priority, status, materials, status_history, invoice_data, delivery_record, created_by, created_at) VALUES ('7826f268-e5b9-5a8b-b957-f918b8e651b6', 'JB0018', 'f7708b91-847e-5815-ab24-146915161c5e', 'trailer', 3.5, 'worn', NULL, '2026-04-28T00:00:00.000Z', 'normal', 'collected', '[{"stockId": "d183409f-9ad7-557c-aef5-7740325b382e", "quantity": 3.5}]'::jsonb, '[{"status": "received", "timestamp": "2026-04-29T08:28:03.395Z"}, {"status": "done", "timestamp": "2026-04-29T08:28:07.397Z"}, {"status": "collected", "timestamp": "2026-04-29T08:28:19.109Z"}]'::jsonb, NULL, '{"collectedBy": "COLLECTED", "collectionDate": "2026-04-29T00:00:00.000Z", "condition": "good_ready", "whatDelivered": "trailer"}'::jsonb, '5aa0f6cd-cd77-51be-a7d8-c5f73eeb09f0', '2026-04-29T08:28:03.395081+00:00');
INSERT INTO public.jobs (id, job_number, customer_id, description, quantity, condition, intake_notes, date_received, priority, status, materials, status_history, invoice_data, delivery_record, created_by, created_at) VALUES ('0b59156e-61a7-51b8-bd25-a61f90422b86', 'JB0050', 'dcf05e89-e8b7-59f1-932e-3536d352cd04', 'TRAILER', 6, 'worn', NULL, '2026-05-20T00:00:00.000Z', 'normal', 'received', '[{"stockId": "6d937c10-034e-5bcc-878b-a83a3584551d", "quantity": 6.0}]'::jsonb, '[{"status": "received", "timestamp": "2026-05-25T07:46:38.758Z"}]'::jsonb, NULL, NULL, '5aa0f6cd-cd77-51be-a7d8-c5f73eeb09f0', '2026-05-25T07:46:38.758672+00:00');
INSERT INTO public.jobs (id, job_number, customer_id, description, quantity, condition, intake_notes, date_received, priority, status, materials, status_history, invoice_data, delivery_record, created_by, created_at) VALUES ('cf65f0f0-3e81-582c-b99e-da2cbfe9868b', 'JB0014', 'dd444d44-ac0f-5ebc-95a4-aaaa2dcdf85f', 'DIFF', 4, 'good', NULL, '2026-04-25T00:00:00.000Z', 'normal', 'collected', '[{"stockId": "791aa86d-3490-5879-a8e2-ec91ffcb3fa6", "quantity": 4.0}]'::jsonb, '[{"status": "received", "timestamp": "2026-04-25T08:51:35.727Z"}, {"status": "done", "timestamp": "2026-04-29T08:19:21.903Z"}, {"status": "collected", "timestamp": "2026-04-29T08:19:37.745Z"}]'::jsonb, NULL, '{"collectedBy": "DELIVERY", "collectionDate": "2026-04-29T00:00:00.000Z", "condition": "good_ready", "whatDelivered": "DIFF"}'::jsonb, '5aa0f6cd-cd77-51be-a7d8-c5f73eeb09f0', '2026-04-25T08:51:35.727540+00:00');
INSERT INTO public.jobs (id, job_number, customer_id, description, quantity, condition, intake_notes, date_received, priority, status, materials, status_history, invoice_data, delivery_record, created_by, created_at) VALUES ('1a5f8a89-308d-51a9-8232-bb169247e491', 'JB0029', 'af2848c8-74d7-5a55-8758-17dfc1e94032', 'TRAILER AND DIFF', 9.5, 'worn', NULL, '2026-05-09T00:00:00.000Z', 'normal', 'collected', '[{"stockId": "089af998-5910-58dd-b328-1f05959b204d", "quantity": 5.0}]'::jsonb, '[{"status": "received", "timestamp": "2026-05-05T07:40:15.962Z"}, {"status": "done", "timestamp": "2026-05-05T07:41:26.616Z"}, {"status": "collected", "timestamp": "2026-05-05T07:41:39.892Z"}]'::jsonb, NULL, '{"collectedBy": "DELIVERY", "collectionDate": "2026-05-05T00:00:00.000Z", "condition": "good_ready", "whatDelivered": "TRAILER AND DIFF"}'::jsonb, '5aa0f6cd-cd77-51be-a7d8-c5f73eeb09f0', '2026-05-05T07:40:15.962265+00:00');
INSERT INTO public.jobs (id, job_number, customer_id, description, quantity, condition, intake_notes, date_received, priority, status, materials, status_history, invoice_data, delivery_record, created_by, created_at) VALUES ('87e60225-63de-5112-a058-1de1a3758ba4', 'JB0041', '09c78a96-d5cb-5e23-b40e-fd0146eee328', 'TRAILER', 6, 'worn', NULL, '2026-05-12T00:00:00.000Z', 'normal', 'collected', '[{"stockId": "d183409f-9ad7-557c-aef5-7740325b382e", "quantity": 6.0}]'::jsonb, '[{"status": "received", "timestamp": "2026-05-13T07:52:46.023Z"}, {"status": "done", "timestamp": "2026-05-13T07:52:50.415Z"}, {"status": "collected", "timestamp": "2026-05-13T07:53:12.865Z"}]'::jsonb, NULL, '{"collectedBy": "COLLECTED", "collectionDate": "2026-05-13T00:00:00.000Z", "condition": "good_ready", "whatDelivered": "TRAILER"}'::jsonb, '5aa0f6cd-cd77-51be-a7d8-c5f73eeb09f0', '2026-05-13T07:52:46.023734+00:00');
INSERT INTO public.jobs (id, job_number, customer_id, description, quantity, condition, intake_notes, date_received, priority, status, materials, status_history, invoice_data, delivery_record, created_by, created_at) VALUES ('f1ed879e-d373-568d-930a-b4eb05a320b6', 'JB0036', 'f7708b91-847e-5815-ab24-146915161c5e', 'TRAILER', 7, 'worn', NULL, '2026-05-09T00:00:00.000Z', 'normal', 'collected', '[{"stockId": "d183409f-9ad7-557c-aef5-7740325b382e", "quantity": 7.0}]'::jsonb, '[{"status": "received", "timestamp": "2026-05-11T07:35:28.987Z"}, {"status": "done", "timestamp": "2026-05-11T07:35:34.158Z"}, {"status": "collected", "timestamp": "2026-05-11T07:36:00.196Z"}]'::jsonb, NULL, '{"collectedBy": "COLLECTED", "collectionDate": "2026-05-11T00:00:00.000Z", "condition": "good_ready", "whatDelivered": "TRAILER"}'::jsonb, '5aa0f6cd-cd77-51be-a7d8-c5f73eeb09f0', '2026-05-11T07:35:28.987342+00:00');
INSERT INTO public.jobs (id, job_number, customer_id, description, quantity, condition, intake_notes, date_received, priority, status, materials, status_history, invoice_data, delivery_record, created_by, created_at) VALUES ('6f07858b-c79c-57c4-b1e9-d55d4a078b3f', 'JB0042', '1f57e281-3c9d-5a84-9607-661121b6bf8f', 'TRAILER', 6, 'worn', NULL, '2026-05-13T00:00:00.000Z', 'normal', 'collected', '[{"stockId": "fb4929c5-b2b0-5faa-9ba3-a75bc5bcb77a", "quantity": 6.0}]'::jsonb, '[{"status": "received", "timestamp": "2026-05-14T07:00:41.688Z"}, {"status": "done", "timestamp": "2026-05-14T07:00:46.906Z"}, {"status": "collected", "timestamp": "2026-05-14T07:01:03.007Z"}]'::jsonb, NULL, '{"collectedBy": "DELIVERY", "collectionDate": "2026-05-13T00:00:00.000Z", "condition": "good_ready", "whatDelivered": "TRAILER"}'::jsonb, '5aa0f6cd-cd77-51be-a7d8-c5f73eeb09f0', '2026-05-14T07:00:41.688338+00:00');
INSERT INTO public.jobs (id, job_number, customer_id, description, quantity, condition, intake_notes, date_received, priority, status, materials, status_history, invoice_data, delivery_record, created_by, created_at) VALUES ('5cf36464-2432-5553-aff6-4bfcc73fa61b', 'JB0030', '1368b357-0a8f-59f1-bffd-f5c978137e82', 'BRAKEPADS', 5, 'good', NULL, '2026-05-05T00:00:00.000Z', 'normal', 'collected', '[{"stockId": "b2269943-65ba-55cc-8386-24abea62934b", "quantity": 5.0}]'::jsonb, '[{"status": "received", "timestamp": "2026-05-05T08:18:06.124Z"}, {"status": "done", "timestamp": "2026-05-05T08:18:28.469Z"}, {"status": "collected", "timestamp": "2026-05-05T08:18:42.493Z"}]'::jsonb, NULL, '{"collectedBy": "DELIVERY", "collectionDate": "2026-05-05T00:00:00.000Z", "condition": "good_ready", "whatDelivered": "BRAKEPADS"}'::jsonb, '5aa0f6cd-cd77-51be-a7d8-c5f73eeb09f0', '2026-05-05T08:18:06.124346+00:00');
INSERT INTO public.jobs (id, job_number, customer_id, description, quantity, condition, intake_notes, date_received, priority, status, materials, status_history, invoice_data, delivery_record, created_by, created_at) VALUES ('f36fd5ca-3221-5dc7-88f3-0c96e9523632', 'JB0047', 'f7708b91-847e-5815-ab24-146915161c5e', 'TRAILER', 2, 'worn', NULL, '2026-05-18T00:00:00.000Z', 'normal', 'received', '[{"stockId": "089af998-5910-58dd-b328-1f05959b204d", "quantity": 2.0}]'::jsonb, '[{"status": "received", "timestamp": "2026-05-25T07:39:08.920Z"}]'::jsonb, NULL, NULL, '5aa0f6cd-cd77-51be-a7d8-c5f73eeb09f0', '2026-05-25T07:39:08.920186+00:00');
INSERT INTO public.jobs (id, job_number, customer_id, description, quantity, condition, intake_notes, date_received, priority, status, materials, status_history, invoice_data, delivery_record, created_by, created_at) VALUES ('27842be4-6579-58a7-a523-5c5be08dfbd7', 'JB0022', 'ca2f8da6-33b7-5463-bb95-da100c172216', 'TRAILER', 1, 'worn', NULL, '2026-04-29T00:00:00.000Z', 'normal', 'collected', '[{"stockId": "089af998-5910-58dd-b328-1f05959b204d", "quantity": 1.0}]'::jsonb, '[{"status": "received", "timestamp": "2026-04-29T08:32:01.134Z"}, {"status": "done", "timestamp": "2026-04-29T08:33:42.560Z"}, {"status": "collected", "timestamp": "2026-04-29T08:34:16.880Z"}]'::jsonb, NULL, '{"collectedBy": "RIYAZ", "collectionDate": "2026-04-29T00:00:00.000Z", "condition": "good_ready", "whatDelivered": "TRAILER"}'::jsonb, '5aa0f6cd-cd77-51be-a7d8-c5f73eeb09f0', '2026-04-29T08:32:01.134524+00:00');
INSERT INTO public.jobs (id, job_number, customer_id, description, quantity, condition, intake_notes, date_received, priority, status, materials, status_history, invoice_data, delivery_record, created_by, created_at) VALUES ('6fd7d7af-f57b-5f47-a3ef-b950fb20dec4', 'JB0025', 'bb93179f-f422-51d1-b18d-e5888c3b3fb0', 'DIFF', 3, 'good', 'FOR REPLACEMENT', '2026-04-30T00:00:00.000Z', 'normal', 'collected', '[{"stockId": "23792d70-168a-5814-b467-fae991e158cc", "quantity": 3.0}]'::jsonb, '[{"status": "received", "timestamp": "2026-04-30T08:24:42.023Z"}, {"status": "done", "timestamp": "2026-04-30T08:24:46.606Z"}, {"status": "collected", "timestamp": "2026-04-30T08:25:47.193Z"}]'::jsonb, NULL, '{"collectedBy": "DELIVERY", "collectionDate": "2026-04-30T00:00:00.000Z", "condition": "good_ready", "notes": "FOR REPLACEMENT, SUPER CIRCLE LININGS WERE SENT SHORT IN LAST ORDER", "whatDelivered": "DIFF"}'::jsonb, '5aa0f6cd-cd77-51be-a7d8-c5f73eeb09f0', '2026-04-30T08:24:42.023527+00:00');
INSERT INTO public.jobs (id, job_number, customer_id, description, quantity, condition, intake_notes, date_received, priority, status, materials, status_history, invoice_data, delivery_record, created_by, created_at) VALUES ('7778ea0a-b005-53ba-972e-07375ca1ea00', 'JB0006', '3eefc966-ff59-55d7-ad34-f2c10a3f7825', 'BRAKELINING', 1, 'worn', NULL, '2026-04-23T00:00:00.000Z', 'normal', 'collected', '[{"stockId": "788c2769-5994-5e13-a954-1adaf06662c8", "quantity": 4.0}]'::jsonb, '[{"status": "received", "timestamp": "2026-04-23T07:25:47.984Z"}, {"status": "workshop", "timestamp": "2026-04-23T07:26:15.054Z"}, {"status": "relining", "timestamp": "2026-04-23T07:26:17.728Z"}, {"status": "qc", "timestamp": "2026-04-23T07:26:20.367Z"}, {"status": "done", "timestamp": "2026-04-23T07:26:21.770Z"}, {"status": "collected", "timestamp": "2026-04-23T07:26:41.943Z"}]'::jsonb, NULL, '{"collectedBy": "DELIVERY", "collectionDate": "2026-04-23T00:00:00.000Z", "condition": "good_ready", "whatDelivered": "BRAKELINING"}'::jsonb, '5aa0f6cd-cd77-51be-a7d8-c5f73eeb09f0', '2026-04-23T07:25:47.984067+00:00');
INSERT INTO public.jobs (id, job_number, customer_id, description, quantity, condition, intake_notes, date_received, priority, status, materials, status_history, invoice_data, delivery_record, created_by, created_at) VALUES ('6376c347-caa3-5d55-b4ce-9d5bb460443e', 'JB0017', '09c78a96-d5cb-5e23-b40e-fd0146eee328', 'trailer', 4, 'worn', NULL, '2026-04-28T00:00:00.000Z', 'normal', 'collected', '[{"stockId": "52d93cb8-c634-5faa-a2f1-a14003b6de7b", "quantity": 4.0}]'::jsonb, '[{"status": "received", "timestamp": "2026-04-29T08:25:36.832Z"}, {"status": "done", "timestamp": "2026-04-29T08:25:41.419Z"}, {"status": "collected", "timestamp": "2026-04-29T08:26:08.779Z"}]'::jsonb, NULL, '{"collectedBy": "COLLECTED", "collectionDate": "2026-04-29T00:00:00.000Z", "condition": "good_ready", "whatDelivered": "trailer"}'::jsonb, '5aa0f6cd-cd77-51be-a7d8-c5f73eeb09f0', '2026-04-29T08:25:36.832037+00:00');
INSERT INTO public.jobs (id, job_number, customer_id, description, quantity, condition, intake_notes, date_received, priority, status, materials, status_history, invoice_data, delivery_record, created_by, created_at) VALUES ('c1fb0041-a744-5342-b230-765721406e8a', 'JB0010', 'dcf05e89-e8b7-59f1-932e-3536d352cd04', 'BRAKELINING TRAILER', 6, 'good', NULL, '2026-04-24T00:00:00.000Z', 'normal', 'collected', '[{"stockId": "be9cd16f-3314-5700-a8ad-a2fbccc348a0", "quantity": 1.0}]'::jsonb, '[{"status": "received", "timestamp": "2026-04-24T07:31:48.418Z"}, {"status": "workshop", "timestamp": "2026-04-25T08:40:05.297Z"}, {"status": "relining", "timestamp": "2026-04-25T08:40:06.547Z"}, {"status": "qc", "timestamp": "2026-04-25T08:40:07.952Z"}, {"status": "done", "timestamp": "2026-04-25T08:40:09.204Z"}, {"status": "collected", "timestamp": "2026-04-25T08:40:25.825Z"}]'::jsonb, NULL, '{"collectedBy": "DELIVERY", "collectionDate": "2026-04-25T00:00:00.000Z", "condition": "good_ready", "whatDelivered": "BRAKELINING TRAILER"}'::jsonb, '5aa0f6cd-cd77-51be-a7d8-c5f73eeb09f0', '2026-04-24T07:31:48.418343+00:00');
INSERT INTO public.jobs (id, job_number, customer_id, description, quantity, condition, intake_notes, date_received, priority, status, materials, status_history, invoice_data, delivery_record, created_by, created_at) VALUES ('41a6cdfc-091d-5399-a68c-b91efa650c90', 'JB0001', '1368b357-0a8f-59f1-bffd-f5c978137e82', 'BRAKEPADS', 1, 'good', NULL, '2026-04-20T00:00:00.000Z', 'normal', 'collected', '[{"stockId": "b2269943-65ba-55cc-8386-24abea62934b", "quantity": 6.0}, {"stockId": "17bd7cc7-601b-5afa-a8e7-1796e5b50c8c", "quantity": 4.0}, {"stockId": "80e0e916-18da-5b3a-a2ae-908c54bfec20", "quantity": 4.0}]'::jsonb, '[{"status": "received", "timestamp": "2026-04-21T07:32:28.283Z"}, {"status": "workshop", "timestamp": "2026-04-21T07:32:34.324Z"}, {"status": "relining", "timestamp": "2026-04-21T07:32:37.127Z"}, {"status": "done", "timestamp": "2026-04-21T07:32:42.029Z"}, {"status": "collected", "timestamp": "2026-04-21T07:33:24.740Z"}]'::jsonb, NULL, '{"collectedBy": "DELIVERY", "collectionDate": "2026-04-20T00:00:00.000Z", "condition": "good_ready", "whatDelivered": "BRAKEPADS"}'::jsonb, '5aa0f6cd-cd77-51be-a7d8-c5f73eeb09f0', '2026-04-21T07:32:28.283792+00:00');
INSERT INTO public.jobs (id, job_number, customer_id, description, quantity, condition, intake_notes, date_received, priority, status, materials, status_history, invoice_data, delivery_record, created_by, created_at) VALUES ('d16d7314-8ba5-57f0-8b23-9b8ac517ecee', 'JB0003', 'af2848c8-74d7-5a55-8758-17dfc1e94032', 'DIFF', 1, 'worn', NULL, '2026-04-21T00:00:00.000Z', 'normal', 'collected', '[{"stockId": "788c2769-5994-5e13-a954-1adaf06662c8", "quantity": 4.0}]'::jsonb, '[{"status": "received", "timestamp": "2026-04-21T08:05:07.442Z"}, {"status": "workshop", "timestamp": "2026-04-21T08:06:17.380Z"}, {"status": "relining", "timestamp": "2026-04-21T08:06:20.761Z"}, {"status": "qc", "timestamp": "2026-04-21T08:06:23.869Z"}, {"status": "done", "timestamp": "2026-04-21T08:06:26.913Z"}, {"status": "qc", "timestamp": "2026-04-21T08:12:00.812Z"}, {"status": "done", "timestamp": "2026-04-22T07:19:13.756Z"}, {"status": "collected", "timestamp": "2026-04-22T07:23:54.625Z"}]'::jsonb, NULL, '{"collectedBy": "DELIVERY", "collectionDate": "2026-04-22T00:00:00.000Z", "condition": "good_ready", "whatDelivered": "DIFF"}'::jsonb, '5aa0f6cd-cd77-51be-a7d8-c5f73eeb09f0', '2026-04-21T08:05:07.442717+00:00');
INSERT INTO public.jobs (id, job_number, customer_id, description, quantity, condition, intake_notes, date_received, priority, status, materials, status_history, invoice_data, delivery_record, created_by, created_at) VALUES ('c20923bc-0c89-58c0-b291-9798c5f7873b', 'JB0044', 'd8d258c0-3e1b-5846-886d-b507314c211d', 'TRAILER', 6, 'worn', NULL, '2026-05-14T00:00:00.000Z', 'normal', 'collected', '[{"stockId": "d183409f-9ad7-557c-aef5-7740325b382e", "quantity": 6.0}]'::jsonb, '[{"status": "received", "timestamp": "2026-05-18T08:55:54.072Z"}, {"status": "done", "timestamp": "2026-05-18T08:59:44.530Z"}, {"status": "collected", "timestamp": "2026-05-18T09:00:09.592Z"}]'::jsonb, NULL, '{"collectedBy": "COLLECTED", "collectionDate": "2026-05-15T00:00:00.000Z", "condition": "good_ready", "whatDelivered": "TRAILER"}'::jsonb, '5aa0f6cd-cd77-51be-a7d8-c5f73eeb09f0', '2026-05-18T08:55:54.072794+00:00');
INSERT INTO public.jobs (id, job_number, customer_id, description, quantity, condition, intake_notes, date_received, priority, status, materials, status_history, invoice_data, delivery_record, created_by, created_at) VALUES ('89b53969-b76e-52c1-b7d4-effaaf7cf030', 'JB0043', 'f7708b91-847e-5815-ab24-146915161c5e', 'TRAILER', 1.5, 'worn', NULL, '2026-05-14T00:00:00.000Z', 'normal', 'collected', '[{"stockId": "089af998-5910-58dd-b328-1f05959b204d", "quantity": 1.5}]'::jsonb, '[{"status": "received", "timestamp": "2026-05-18T08:54:51.131Z"}, {"status": "done", "timestamp": "2026-05-18T08:59:24.174Z"}, {"status": "collected", "timestamp": "2026-05-18T08:59:42.770Z"}]'::jsonb, NULL, '{"collectedBy": "COLLECTED", "collectionDate": "2026-05-18T00:00:00.000Z", "condition": "good_ready", "whatDelivered": "TRAILER"}'::jsonb, '5aa0f6cd-cd77-51be-a7d8-c5f73eeb09f0', '2026-05-18T08:54:51.131155+00:00');
INSERT INTO public.jobs (id, job_number, customer_id, description, quantity, condition, intake_notes, date_received, priority, status, materials, status_history, invoice_data, delivery_record, created_by, created_at) VALUES ('5deb7612-0606-5603-bd47-171dd46e2c42', 'JB0046', 'dd444d44-ac0f-5ebc-95a4-aaaa2dcdf85f', 'TRAILER', 6, 'worn', NULL, '2026-05-16T00:00:00.000Z', 'normal', 'collected', '[{"stockId": "c5a08e2d-d040-5e31-85fa-6c6201eb410e", "quantity": 6.0}]'::jsonb, '[{"status": "received", "timestamp": "2026-05-18T08:59:10.350Z"}, {"status": "done", "timestamp": "2026-05-18T09:00:21.241Z"}, {"status": "collected", "timestamp": "2026-05-18T09:00:40.429Z"}]'::jsonb, NULL, '{"collectedBy": "DELIVERY", "collectionDate": "2026-05-16T00:00:00.000Z", "condition": "good_ready", "whatDelivered": "TRAILER"}'::jsonb, '5aa0f6cd-cd77-51be-a7d8-c5f73eeb09f0', '2026-05-18T08:59:10.349993+00:00');
INSERT INTO public.jobs (id, job_number, customer_id, description, quantity, condition, intake_notes, date_received, priority, status, materials, status_history, invoice_data, delivery_record, created_by, created_at) VALUES ('d86ef34c-0db9-515a-8a4f-ea52e7028947', 'JB0055', '1368b357-0a8f-59f1-bffd-f5c978137e82', 'TRAILER', 8, 'worn', NULL, '2026-05-20T00:00:00.000Z', 'normal', 'received', '[{"stockId": "cc6646fb-dc11-5323-9d36-67046e32de0c", "quantity": 8.0}]'::jsonb, '[{"status": "received", "timestamp": "2026-05-25T07:58:30.978Z"}]'::jsonb, NULL, NULL, '5aa0f6cd-cd77-51be-a7d8-c5f73eeb09f0', '2026-05-25T07:58:30.978197+00:00');
INSERT INTO public.jobs (id, job_number, customer_id, description, quantity, condition, intake_notes, date_received, priority, status, materials, status_history, invoice_data, delivery_record, created_by, created_at) VALUES ('31e28f9e-9b8c-51dd-be9a-ec054b45a86f', 'JB0009', 'f7708b91-847e-5815-ab24-146915161c5e', 'BRAKELINING TRAILER', 1, 'worn', NULL, '2026-04-24T00:00:00.000Z', 'normal', 'collected', '[{"stockId": "d183409f-9ad7-557c-aef5-7740325b382e", "quantity": 6.0}]'::jsonb, '[{"status": "received", "timestamp": "2026-04-24T07:22:37.783Z"}, {"status": "workshop", "timestamp": "2026-04-25T08:40:34.413Z"}, {"status": "relining", "timestamp": "2026-04-25T08:40:36.894Z"}, {"status": "qc", "timestamp": "2026-04-25T08:40:36.978Z"}, {"status": "done", "timestamp": "2026-04-25T08:40:38.191Z"}, {"status": "collected", "timestamp": "2026-04-25T08:40:53.271Z"}]'::jsonb, NULL, '{"collectedBy": "DELIVERY", "collectionDate": "2026-04-25T00:00:00.000Z", "condition": "good_ready", "whatDelivered": "BRAKELINING TRAILER"}'::jsonb, '5aa0f6cd-cd77-51be-a7d8-c5f73eeb09f0', '2026-04-24T07:22:37.783420+00:00');
INSERT INTO public.jobs (id, job_number, customer_id, description, quantity, condition, intake_notes, date_received, priority, status, materials, status_history, invoice_data, delivery_record, created_by, created_at) VALUES ('0e81b7db-351e-5a47-9b5b-70c1185797dc', 'JB0019', 'f7708b91-847e-5815-ab24-146915161c5e', 'trailer', 1, 'worn', NULL, '2026-04-28T00:00:00.000Z', 'normal', 'collected', '[{"stockId": "089af998-5910-58dd-b328-1f05959b204d", "quantity": 1.0}]'::jsonb, '[{"status": "received", "timestamp": "2026-04-29T08:28:56.216Z"}, {"status": "done", "timestamp": "2026-04-29T08:32:06.635Z"}, {"status": "collected", "timestamp": "2026-04-29T08:32:32.240Z"}]'::jsonb, NULL, '{"collectedBy": "COLLECTED", "collectionDate": "2026-04-29T00:00:00.000Z", "condition": "good_ready", "whatDelivered": "trailer"}'::jsonb, '5aa0f6cd-cd77-51be-a7d8-c5f73eeb09f0', '2026-04-29T08:28:56.216154+00:00');
INSERT INTO public.jobs (id, job_number, customer_id, description, quantity, condition, intake_notes, date_received, priority, status, materials, status_history, invoice_data, delivery_record, created_by, created_at) VALUES ('190648ce-0f05-5c0e-a996-b22254a5c338', 'JB0051', 'af2848c8-74d7-5a55-8758-17dfc1e94032', 'TRAILER', 12, 'worn', NULL, '2026-05-19T00:00:00.000Z', 'normal', 'received', '[{"stockId": "3ed79b7c-e60d-5025-9468-ffdbd6479688", "quantity": 12.0}]'::jsonb, '[{"status": "received", "timestamp": "2026-05-25T07:48:59.477Z"}]'::jsonb, NULL, NULL, '5aa0f6cd-cd77-51be-a7d8-c5f73eeb09f0', '2026-05-25T07:48:59.477771+00:00');
INSERT INTO public.jobs (id, job_number, customer_id, description, quantity, condition, intake_notes, date_received, priority, status, materials, status_history, invoice_data, delivery_record, created_by, created_at) VALUES ('d39418d6-5bce-5941-bcd2-4d2d127a26f2', 'JB0024', '63ad86e9-5a9b-5aff-be4a-351eafbf7a23', 'TRAILER', 6, 'worn', NULL, '2026-04-30T00:00:00.000Z', 'normal', 'collected', '[{"stockId": "5fc77b82-2296-5e32-a51d-8c95177a4870", "quantity": 6.0}]'::jsonb, '[{"status": "received", "timestamp": "2026-04-30T08:23:41.099Z"}, {"status": "done", "timestamp": "2026-04-30T08:23:47.181Z"}, {"status": "collected", "timestamp": "2026-04-30T08:23:57.561Z"}]'::jsonb, NULL, '{"collectedBy": "DELIVERY", "collectionDate": "2026-04-30T00:00:00.000Z", "condition": "good_ready", "whatDelivered": "TRAILER"}'::jsonb, '5aa0f6cd-cd77-51be-a7d8-c5f73eeb09f0', '2026-04-30T08:23:41.099255+00:00');
INSERT INTO public.jobs (id, job_number, customer_id, description, quantity, condition, intake_notes, date_received, priority, status, materials, status_history, invoice_data, delivery_record, created_by, created_at) VALUES ('f8db2b76-7b4d-52da-bf8b-06f005b02aa2', 'JB0020', '3eefc966-ff59-55d7-ad34-f2c10a3f7825', 'TRAILER', 6, 'worn', 'SUPPLIED WITH BRAKESHOES', '2026-04-29T00:00:00.000Z', 'normal', 'collected', '[{"stockId": "52d93cb8-c634-5faa-a2f1-a14003b6de7b", "quantity": 1.0}]'::jsonb, '[{"status": "received", "timestamp": "2026-04-29T08:30:10.616Z"}, {"status": "done", "timestamp": "2026-04-29T08:32:35.692Z"}, {"status": "collected", "timestamp": "2026-04-29T08:33:09.582Z"}]'::jsonb, NULL, '{"collectedBy": "DELIVERY", "collectionDate": "2026-04-28T00:00:00.000Z", "condition": "good_ready", "notes": "SUPPLIED WITH BRAKESHOES", "whatDelivered": "TRAILER"}'::jsonb, '5aa0f6cd-cd77-51be-a7d8-c5f73eeb09f0', '2026-04-29T08:30:10.616781+00:00');
INSERT INTO public.jobs (id, job_number, customer_id, description, quantity, condition, intake_notes, date_received, priority, status, materials, status_history, invoice_data, delivery_record, created_by, created_at) VALUES ('ed3ccb22-5f90-5bd8-886f-dbf5f4c9f50a', 'JB0038', '1368b357-0a8f-59f1-bffd-f5c978137e82', 'TRAILER', 6, 'worn', NULL, '2026-05-11T00:00:00.000Z', 'normal', 'collected', '[{"stockId": "cc6646fb-dc11-5323-9d36-67046e32de0c", "quantity": 6.0}]'::jsonb, '[{"status": "received", "timestamp": "2026-05-13T07:45:42.897Z"}, {"status": "done", "timestamp": "2026-05-13T07:45:47.351Z"}, {"status": "collected", "timestamp": "2026-05-13T07:46:20.810Z"}]'::jsonb, NULL, '{"collectedBy": "DELIVERY", "collectionDate": "2026-05-11T00:00:00.000Z", "condition": "good_ready", "whatDelivered": "TRAILER"}'::jsonb, '5aa0f6cd-cd77-51be-a7d8-c5f73eeb09f0', '2026-05-13T07:45:42.897818+00:00');
INSERT INTO public.jobs (id, job_number, customer_id, description, quantity, condition, intake_notes, date_received, priority, status, materials, status_history, invoice_data, delivery_record, created_by, created_at) VALUES ('9ae7d07a-be96-5551-9975-e1f8a4967b62', 'JB0026', '847a3362-4325-52f0-9c7b-a0feddfee4d7', 'TRAILER', 1, 'worn', NULL, '2026-05-05T00:00:00.000Z', 'normal', 'collected', '[{"stockId": "089af998-5910-58dd-b328-1f05959b204d", "quantity": 0.5}, {"stockId": "d183409f-9ad7-557c-aef5-7740325b382e", "quantity": 1.5}, {"stockId": "23792d70-168a-5814-b467-fae991e158cc", "quantity": 2.0}]'::jsonb, '[{"status": "received", "timestamp": "2026-05-05T07:34:50.756Z"}, {"status": "done", "timestamp": "2026-05-05T07:40:20.759Z"}, {"status": "collected", "timestamp": "2026-05-05T07:40:46.363Z"}]'::jsonb, NULL, '{"collectedBy": "DELIVERY", "collectionDate": "2026-05-05T00:00:00.000Z", "condition": "good_ready", "whatDelivered": "TRAILER"}'::jsonb, '5aa0f6cd-cd77-51be-a7d8-c5f73eeb09f0', '2026-05-05T07:34:50.756155+00:00');
INSERT INTO public.jobs (id, job_number, customer_id, description, quantity, condition, intake_notes, date_received, priority, status, materials, status_history, invoice_data, delivery_record, created_by, created_at) VALUES ('71b19325-93ed-56b1-b241-f052675751ba', 'JB0053', 'a71f1e45-e393-509a-ad94-6525fd6f1e4e', 'TRAILER', 12, 'good', NULL, '2026-05-20T00:00:00.000Z', 'normal', 'received', '[{"stockId": "fb4929c5-b2b0-5faa-9ba3-a75bc5bcb77a", "quantity": 12.0}]'::jsonb, '[{"status": "received", "timestamp": "2026-05-25T07:56:34.409Z"}]'::jsonb, NULL, NULL, '5aa0f6cd-cd77-51be-a7d8-c5f73eeb09f0', '2026-05-25T07:56:34.409558+00:00');
INSERT INTO public.jobs (id, job_number, customer_id, description, quantity, condition, intake_notes, date_received, priority, status, materials, status_history, invoice_data, delivery_record, created_by, created_at) VALUES ('d29db521-9699-50d9-802c-24e4a5489f89', 'JB0008', '9a483a3f-3974-5a51-abd2-66d8f12c453f', 'TRAILER BRAKELININGS', 1, 'worn', NULL, '2026-04-23T00:00:00.000Z', 'normal', 'collected', '[{"stockId": "d183409f-9ad7-557c-aef5-7740325b382e", "quantity": 4.0}]'::jsonb, '[{"status": "received", "timestamp": "2026-04-24T06:53:33.907Z"}, {"status": "done", "timestamp": "2026-04-24T07:23:01.660Z"}, {"status": "collected", "timestamp": "2026-04-24T07:23:49.118Z"}]'::jsonb, NULL, '{"collectedBy": "DELIVERY", "collectionDate": "2026-04-24T00:00:00.000Z", "condition": "good_ready", "whatDelivered": "TRAILER BRAKELININGS"}'::jsonb, '5aa0f6cd-cd77-51be-a7d8-c5f73eeb09f0', '2026-04-24T06:53:33.907910+00:00');
INSERT INTO public.jobs (id, job_number, customer_id, description, quantity, condition, intake_notes, date_received, priority, status, materials, status_history, invoice_data, delivery_record, created_by, created_at) VALUES ('c28141df-f37f-50c5-ae63-757b6ee932aa', 'JB0035', 'a5664e7d-ec2c-5da4-889e-2238f23759a1', 'TRAILER & DIFF', 9, 'worn', NULL, '2026-05-08T00:00:00.000Z', 'normal', 'collected', NULL, '[{"status": "received", "timestamp": "2026-05-11T07:29:38.733Z"}, {"status": "done", "timestamp": "2026-05-11T07:30:19.023Z"}, {"status": "collected", "timestamp": "2026-05-11T07:30:35.945Z"}]'::jsonb, NULL, '{"collectedBy": "DELIVERY", "collectionDate": "2026-05-11T00:00:00.000Z", "condition": "good_ready", "whatDelivered": "TRAILER & DIFF"}'::jsonb, '5aa0f6cd-cd77-51be-a7d8-c5f73eeb09f0', '2026-05-11T07:29:38.733570+00:00');
INSERT INTO public.jobs (id, job_number, customer_id, description, quantity, condition, intake_notes, date_received, priority, status, materials, status_history, invoice_data, delivery_record, created_by, created_at) VALUES ('c07b41cd-a86b-5a68-a74a-a497b4ec3110', 'JB0027', 'f7708b91-847e-5815-ab24-146915161c5e', 'TRAILER', 1, 'worn', NULL, '2026-05-05T00:00:00.000Z', 'normal', 'collected', '[{"stockId": "c5a08e2d-d040-5e31-85fa-6c6201eb410e", "quantity": 4.0}]'::jsonb, '[{"status": "received", "timestamp": "2026-05-05T07:36:21.070Z"}, {"status": "done", "timestamp": "2026-05-05T07:40:48.614Z"}, {"status": "collected", "timestamp": "2026-05-05T07:40:59.919Z"}]'::jsonb, NULL, '{"collectedBy": "COLLECTED", "collectionDate": "2026-05-05T00:00:00.000Z", "condition": "good_ready", "whatDelivered": "TRAILER"}'::jsonb, '5aa0f6cd-cd77-51be-a7d8-c5f73eeb09f0', '2026-05-05T07:36:21.070431+00:00');

-- ---------- stock_movements (105) ----------
INSERT INTO public.stock_movements (id, stock_id, type, quantity, reason, performed_by, job_id, created_at) VALUES ('ec45ab2b-ff52-5dae-9eb3-69afd5177f54', '80e0e916-18da-5b3a-a2ae-908c54bfec20', 'in', 2, 'Job deleted: JB0001', '9c847e7a-1a23-5c7e-8318-4611980a558c', NULL, '2026-04-20T11:37:40.146061+00:00');
INSERT INTO public.stock_movements (id, stock_id, type, quantity, reason, performed_by, job_id, created_at) VALUES ('24591f95-a7af-58e5-9483-bf4a14603010', 'b2269943-65ba-55cc-8386-24abea62934b', 'out', 6, 'Job materials: JB0001', '5aa0f6cd-cd77-51be-a7d8-c5f73eeb09f0', '41a6cdfc-091d-5399-a68c-b91efa650c90', '2026-04-21T07:32:28.283793+00:00');
INSERT INTO public.stock_movements (id, stock_id, type, quantity, reason, performed_by, job_id, created_at) VALUES ('2a0b71eb-3b34-53cb-8dda-a84cd61d88c0', '23792d70-168a-5814-b467-fae991e158cc', 'out', 3, 'Job materials: JB0025', '5aa0f6cd-cd77-51be-a7d8-c5f73eeb09f0', '6fd7d7af-f57b-5f47-a3ef-b950fb20dec4', '2026-04-30T08:24:42.023527+00:00');
INSERT INTO public.stock_movements (id, stock_id, type, quantity, reason, performed_by, job_id, created_at) VALUES ('abf5b163-a85b-55c4-b631-f8724a926122', 'be9cd16f-3314-5700-a8ad-a2fbccc348a0', 'out', 6, 'Job materials: JB0031', '5aa0f6cd-cd77-51be-a7d8-c5f73eeb09f0', 'ecdec0c8-414d-5253-9a57-92cacf57b39a', '2026-05-08T07:46:51.366421+00:00');
INSERT INTO public.stock_movements (id, stock_id, type, quantity, reason, performed_by, job_id, created_at) VALUES ('16d0c414-f842-5151-9014-0e995fe1b561', '089af998-5910-58dd-b328-1f05959b204d', 'out', 6, 'Job materials: JB0054', '5aa0f6cd-cd77-51be-a7d8-c5f73eeb09f0', '514dcaea-8138-54b9-aca4-15972457f611', '2026-05-25T07:57:46.947751+00:00');
INSERT INTO public.stock_movements (id, stock_id, type, quantity, reason, performed_by, job_id, created_at) VALUES ('f5dfd969-3d6a-52ed-8320-06a8f53fe4b6', '52d93cb8-c634-5faa-a2f1-a14003b6de7b', 'out', 6, 'Job materials: JB0015', '5aa0f6cd-cd77-51be-a7d8-c5f73eeb09f0', 'fa3fa9d3-5721-578e-85dd-19e3092104cc', '2026-04-29T08:20:57.437449+00:00');
INSERT INTO public.stock_movements (id, stock_id, type, quantity, reason, performed_by, job_id, created_at) VALUES ('4fe52c87-61e8-5721-8111-1ed95e2f345a', 'd183409f-9ad7-557c-aef5-7740325b382e', 'out', 6, 'Job materials: JB0044', '5aa0f6cd-cd77-51be-a7d8-c5f73eeb09f0', 'c20923bc-0c89-58c0-b291-9798c5f7873b', '2026-05-18T08:55:54.072795+00:00');
INSERT INTO public.stock_movements (id, stock_id, type, quantity, reason, performed_by, job_id, created_at) VALUES ('6bd592a0-c044-5035-bf4b-c9545d8f99c6', 'b2269943-65ba-55cc-8386-24abea62934b', 'out', 4, 'Job materials: JB0039', '5aa0f6cd-cd77-51be-a7d8-c5f73eeb09f0', '33938390-0f1b-5323-8b55-ae4f383ea066', '2026-05-13T07:48:47.612634+00:00');
INSERT INTO public.stock_movements (id, stock_id, type, quantity, reason, performed_by, job_id, created_at) VALUES ('7813007c-f000-5e52-91fd-34e2d567b9fb', 'd183409f-9ad7-557c-aef5-7740325b382e', 'out', 7, 'Job materials: JB0036', '5aa0f6cd-cd77-51be-a7d8-c5f73eeb09f0', 'f1ed879e-d373-568d-930a-b4eb05a320b6', '2026-05-11T07:35:28.987342+00:00');
INSERT INTO public.stock_movements (id, stock_id, type, quantity, reason, performed_by, job_id, created_at) VALUES ('f8bb2ca6-38b2-5a15-ab6e-d9377bd71347', 'be9cd16f-3314-5700-a8ad-a2fbccc348a0', 'out', 1, 'Job materials: JB0010', '5aa0f6cd-cd77-51be-a7d8-c5f73eeb09f0', 'c1fb0041-a744-5342-b230-765721406e8a', '2026-04-24T07:31:48.418343+00:00');
INSERT INTO public.stock_movements (id, stock_id, type, quantity, reason, performed_by, job_id, created_at) VALUES ('435ff95c-8339-5000-ab23-913070d5b90a', 'd183409f-9ad7-557c-aef5-7740325b382e', 'out', 4, 'Job materials: JB0008', '5aa0f6cd-cd77-51be-a7d8-c5f73eeb09f0', 'd29db521-9699-50d9-802c-24e4a5489f89', '2026-04-24T06:53:33.907910+00:00');
INSERT INTO public.stock_movements (id, stock_id, type, quantity, reason, performed_by, job_id, created_at) VALUES ('4fb972de-5b87-5d36-921f-e11bac63aef3', '80e0e916-18da-5b3a-a2ae-908c54bfec20', 'out', 4, 'Job Delivery: JB0001', '5aa0f6cd-cd77-51be-a7d8-c5f73eeb09f0', NULL, '2026-04-20T08:44:15.779707+00:00');
INSERT INTO public.stock_movements (id, stock_id, type, quantity, reason, performed_by, job_id, created_at) VALUES ('959a7a06-d752-5ae1-ab8e-182a80071f60', 'f39f3f49-c511-5242-bd4d-174621395d79', 'in', 15, 'stock count', '5aa0f6cd-cd77-51be-a7d8-c5f73eeb09f0', NULL, '2026-04-20T08:29:49.802945+00:00');
INSERT INTO public.stock_movements (id, stock_id, type, quantity, reason, performed_by, job_id, created_at) VALUES ('9491ab29-9ade-5016-9b38-22e43c27b5c0', '089af998-5910-58dd-b328-1f05959b204d', 'out', 0.5, 'Job materials: JB0026', '5aa0f6cd-cd77-51be-a7d8-c5f73eeb09f0', '9ae7d07a-be96-5551-9975-e1f8a4967b62', '2026-05-05T07:34:50.756155+00:00');
INSERT INTO public.stock_movements (id, stock_id, type, quantity, reason, performed_by, job_id, created_at) VALUES ('38cbdb0a-5a55-5355-9747-16a9cfe89516', '17bd7cc7-601b-5afa-a8e7-1796e5b50c8c', 'in', 21, 'stock count', '5aa0f6cd-cd77-51be-a7d8-c5f73eeb09f0', NULL, '2026-04-20T08:32:18.754403+00:00');
INSERT INTO public.stock_movements (id, stock_id, type, quantity, reason, performed_by, job_id, created_at) VALUES ('40189f35-8623-50a8-9ed3-b45ba96c50b7', '4c07360d-c990-5ff4-8c50-b538c42ae007', 'out', 21, 'stock count', '5aa0f6cd-cd77-51be-a7d8-c5f73eeb09f0', NULL, '2026-04-20T08:32:08.222948+00:00');
INSERT INTO public.stock_movements (id, stock_id, type, quantity, reason, performed_by, job_id, created_at) VALUES ('8c91b217-6675-5cc3-8b35-6db4a2542c71', '089af998-5910-58dd-b328-1f05959b204d', 'out', 1.5, 'Job materials: JB0043', '5aa0f6cd-cd77-51be-a7d8-c5f73eeb09f0', '89b53969-b76e-52c1-b7d4-effaaf7cf030', '2026-05-18T08:54:51.131155+00:00');
INSERT INTO public.stock_movements (id, stock_id, type, quantity, reason, performed_by, job_id, created_at) VALUES ('78f60e54-8047-55da-9b39-e5492a46a9eb', '23792d70-168a-5814-b467-fae991e158cc', 'in', 150, 'stock count', '5aa0f6cd-cd77-51be-a7d8-c5f73eeb09f0', NULL, '2026-04-20T08:15:44.603292+00:00');
INSERT INTO public.stock_movements (id, stock_id, type, quantity, reason, performed_by, job_id, created_at) VALUES ('c3ee73db-e5ae-5d24-a3cd-a5538c3c0229', 'd183409f-9ad7-557c-aef5-7740325b382e', 'in', 182, 'stock coungt', '5aa0f6cd-cd77-51be-a7d8-c5f73eeb09f0', NULL, '2026-04-20T07:59:03.429358+00:00');
INSERT INTO public.stock_movements (id, stock_id, type, quantity, reason, performed_by, job_id, created_at) VALUES ('d1604c90-74d7-56b9-bb6d-79837e506ffc', '52d93cb8-c634-5faa-a2f1-a14003b6de7b', 'out', 6, 'Job materials: JB0007', '5aa0f6cd-cd77-51be-a7d8-c5f73eeb09f0', '390aa568-1195-5b60-a761-425031c9074a', '2026-04-23T07:44:30.507476+00:00');
INSERT INTO public.stock_movements (id, stock_id, type, quantity, reason, performed_by, job_id, created_at) VALUES ('bdd82535-989e-5285-b693-bc8f592a359a', 'd183409f-9ad7-557c-aef5-7740325b382e', 'out', 1.5, 'Job materials: JB0026', '5aa0f6cd-cd77-51be-a7d8-c5f73eeb09f0', '9ae7d07a-be96-5551-9975-e1f8a4967b62', '2026-05-05T07:34:50.756155+00:00');
INSERT INTO public.stock_movements (id, stock_id, type, quantity, reason, performed_by, job_id, created_at) VALUES ('7b92b1c5-14f3-59e7-931a-62036ffdecc6', '52d93cb8-c634-5faa-a2f1-a14003b6de7b', 'in', 12, 'RETURNED BY GREATLAKES FOR REPLACEMENT WITH TRUCKTEC', '5aa0f6cd-cd77-51be-a7d8-c5f73eeb09f0', NULL, '2026-04-25T08:44:35.906615+00:00');
INSERT INTO public.stock_movements (id, stock_id, type, quantity, reason, performed_by, job_id, created_at) VALUES ('30819eed-51f5-5751-b5cd-d79bcaba6b12', '788c2769-5994-5e13-a954-1adaf06662c8', 'out', 24, 'Job materials: JB0049', '5aa0f6cd-cd77-51be-a7d8-c5f73eeb09f0', 'ed5d19d9-8d9b-5303-bb6b-4158703e1ebc', '2026-05-25T07:45:28.388106+00:00');
INSERT INTO public.stock_movements (id, stock_id, type, quantity, reason, performed_by, job_id, created_at) VALUES ('3cc4c6c8-9f14-596e-a64e-8356738a1f1b', '5fc77b82-2296-5e32-a51d-8c95177a4870', 'out', 6, 'Job materials: JB0024', '5aa0f6cd-cd77-51be-a7d8-c5f73eeb09f0', 'd39418d6-5bce-5941-bcd2-4d2d127a26f2', '2026-04-30T08:23:41.099256+00:00');
INSERT INTO public.stock_movements (id, stock_id, type, quantity, reason, performed_by, job_id, created_at) VALUES ('45271a1a-67e0-5d19-91e0-37e7e6000c68', '80e0e916-18da-5b3a-a2ae-908c54bfec20', 'in', 4, 'stock count', '5aa0f6cd-cd77-51be-a7d8-c5f73eeb09f0', NULL, '2026-04-20T08:31:26.191163+00:00');
INSERT INTO public.stock_movements (id, stock_id, type, quantity, reason, performed_by, job_id, created_at) VALUES ('ed57d237-896d-5415-81e9-4a3ac66d58a9', 'bacb75ba-553c-5d45-9a6a-f6e6b761c556', 'out', 6, 'Job materials: JB0013', '5aa0f6cd-cd77-51be-a7d8-c5f73eeb09f0', '59702b4f-1465-5e2e-8336-0158167df52b', '2026-04-25T08:50:45.861685+00:00');
INSERT INTO public.stock_movements (id, stock_id, type, quantity, reason, performed_by, job_id, created_at) VALUES ('581468b9-78a3-5ba3-8741-528e41dd51c4', '52d93cb8-c634-5faa-a2f1-a14003b6de7b', 'out', 8, 'Job materials: JB0005', '5aa0f6cd-cd77-51be-a7d8-c5f73eeb09f0', 'c0937289-3e55-5285-91b4-2c60d3a43bb6', '2026-04-22T08:20:49.144679+00:00');
INSERT INTO public.stock_movements (id, stock_id, type, quantity, reason, performed_by, job_id, created_at) VALUES ('42986dcf-08cf-5190-b9e6-33ea3a5816e6', 'c5a08e2d-d040-5e31-85fa-6c6201eb410e', 'in', 384, 'stock count', '5aa0f6cd-cd77-51be-a7d8-c5f73eeb09f0', NULL, '2026-04-20T08:11:56.464398+00:00');
INSERT INTO public.stock_movements (id, stock_id, type, quantity, reason, performed_by, job_id, created_at) VALUES ('a3edfcbb-5be1-5675-8fd6-d0fe25c74c5d', '80e0e916-18da-5b3a-a2ae-908c54bfec20', 'in', 4, 'stock count', '5aa0f6cd-cd77-51be-a7d8-c5f73eeb09f0', NULL, '2026-04-21T07:27:24.545131+00:00');
INSERT INTO public.stock_movements (id, stock_id, type, quantity, reason, performed_by, job_id, created_at) VALUES ('fd624fb1-7ecb-5933-b1f3-52e48c72881f', '23792d70-168a-5814-b467-fae991e158cc', 'out', 24, 'Job materials: JB0023', '5aa0f6cd-cd77-51be-a7d8-c5f73eeb09f0', '8e1d248a-8a23-5f66-b7a0-0fb155582743', '2026-04-30T08:22:20.768645+00:00');
INSERT INTO public.stock_movements (id, stock_id, type, quantity, reason, performed_by, job_id, created_at) VALUES ('ad76c0ee-e9b9-5bfd-a1b4-961099fe2e62', 'f1832ab5-3c06-5c2d-b03a-af5c17092f57', 'in', 52, 'stock count', '5aa0f6cd-cd77-51be-a7d8-c5f73eeb09f0', NULL, '2026-04-20T08:22:21.365061+00:00');
INSERT INTO public.stock_movements (id, stock_id, type, quantity, reason, performed_by, job_id, created_at) VALUES ('8ac9486d-fde8-56da-91e1-b2ce4a55aca0', 'b2269943-65ba-55cc-8386-24abea62934b', 'in', 6, 'stock count', '5aa0f6cd-cd77-51be-a7d8-c5f73eeb09f0', NULL, '2026-04-21T07:28:01.849746+00:00');
INSERT INTO public.stock_movements (id, stock_id, type, quantity, reason, performed_by, job_id, created_at) VALUES ('20453723-7225-5aa2-9baa-23397079f7c7', '80e0e916-18da-5b3a-a2ae-908c54bfec20', 'out', 4, 'Job materials: JB0001', '5aa0f6cd-cd77-51be-a7d8-c5f73eeb09f0', '41a6cdfc-091d-5399-a68c-b91efa650c90', '2026-04-21T07:32:28.283793+00:00');
INSERT INTO public.stock_movements (id, stock_id, type, quantity, reason, performed_by, job_id, created_at) VALUES ('aaac5ac0-4b01-5f3e-8f39-7e627c06db6f', 'f39f3f49-c511-5242-bd4d-174621395d79', 'out', 15, 'stock count', '5aa0f6cd-cd77-51be-a7d8-c5f73eeb09f0', NULL, '2026-04-20T08:30:42.039370+00:00');
INSERT INTO public.stock_movements (id, stock_id, type, quantity, reason, performed_by, job_id, created_at) VALUES ('9ce16095-d675-5c61-b5ec-064cf5daa718', 'd183409f-9ad7-557c-aef5-7740325b382e', 'out', 4, 'Job materials: JB0045', '5aa0f6cd-cd77-51be-a7d8-c5f73eeb09f0', 'e0cb2282-bbc9-56cf-9acf-4f62b0e322d9', '2026-05-18T08:57:35.356772+00:00');
INSERT INTO public.stock_movements (id, stock_id, type, quantity, reason, performed_by, job_id, created_at) VALUES ('51625eb4-bc8c-54a4-a567-7b6579967594', 'be9cd16f-3314-5700-a8ad-a2fbccc348a0', 'in', 100, 'stock count', '5aa0f6cd-cd77-51be-a7d8-c5f73eeb09f0', NULL, '2026-04-20T08:26:43.703840+00:00');
INSERT INTO public.stock_movements (id, stock_id, type, quantity, reason, performed_by, job_id, created_at) VALUES ('ec4c01e7-0d21-53e2-8f46-e9fdfed7336a', '3ed79b7c-e60d-5025-9468-ffdbd6479688', 'in', 214, 'stock count', '5aa0f6cd-cd77-51be-a7d8-c5f73eeb09f0', NULL, '2026-04-20T07:59:58.363880+00:00');
INSERT INTO public.stock_movements (id, stock_id, type, quantity, reason, performed_by, job_id, created_at) VALUES ('2ac5981e-da50-5624-b216-d02e0faa9e85', '17bd7cc7-601b-5afa-a8e7-1796e5b50c8c', 'in', 4, 'stock count', '5aa0f6cd-cd77-51be-a7d8-c5f73eeb09f0', NULL, '2026-04-21T07:28:26.186612+00:00');
INSERT INTO public.stock_movements (id, stock_id, type, quantity, reason, performed_by, job_id, created_at) VALUES ('f4d6050b-0eda-5351-88fd-dfc3e180db2e', '788c2769-5994-5e13-a954-1adaf06662c8', 'out', 24, 'Job materials: JB0004', '5aa0f6cd-cd77-51be-a7d8-c5f73eeb09f0', '84ef8009-2196-58c9-9a54-45aeabacb565', '2026-04-22T08:08:03.217237+00:00');
INSERT INTO public.stock_movements (id, stock_id, type, quantity, reason, performed_by, job_id, created_at) VALUES ('8869204a-8126-5612-b972-19f5a2d90015', 'd183409f-9ad7-557c-aef5-7740325b382e', 'out', 6, 'Job materials: JB0009', '5aa0f6cd-cd77-51be-a7d8-c5f73eeb09f0', '31e28f9e-9b8c-51dd-be9a-ec054b45a86f', '2026-04-24T07:22:37.783421+00:00');
INSERT INTO public.stock_movements (id, stock_id, type, quantity, reason, performed_by, job_id, created_at) VALUES ('ea28debf-7271-52b7-adfe-1969ecb06714', 'd183409f-9ad7-557c-aef5-7740325b382e', 'out', 3.5, 'Job materials: JB0018', '5aa0f6cd-cd77-51be-a7d8-c5f73eeb09f0', '7826f268-e5b9-5a8b-b957-f918b8e651b6', '2026-04-29T08:28:03.395081+00:00');
INSERT INTO public.stock_movements (id, stock_id, type, quantity, reason, performed_by, job_id, created_at) VALUES ('bee41f86-0296-556e-9087-43230a924cf7', 'cc6646fb-dc11-5323-9d36-67046e32de0c', 'in', 43, 'stock count', '5aa0f6cd-cd77-51be-a7d8-c5f73eeb09f0', NULL, '2026-04-20T08:25:45.071930+00:00');
INSERT INTO public.stock_movements (id, stock_id, type, quantity, reason, performed_by, job_id, created_at) VALUES ('985eaffe-9754-5b95-860d-230bcfeba467', '52d93cb8-c634-5faa-a2f1-a14003b6de7b', 'in', 378, 'stock count', '5aa0f6cd-cd77-51be-a7d8-c5f73eeb09f0', NULL, '2026-04-20T08:12:54.829751+00:00');
INSERT INTO public.stock_movements (id, stock_id, type, quantity, reason, performed_by, job_id, created_at) VALUES ('c5389279-0777-5cbb-80bb-e4d7c524c3d1', '788c2769-5994-5e13-a954-1adaf06662c8', 'out', 1, 'Job materials: JB0032', '5aa0f6cd-cd77-51be-a7d8-c5f73eeb09f0', '6275d80a-c0ad-52e5-853f-9e94c6c9b51f', '2026-05-08T07:48:12.617965+00:00');
INSERT INTO public.stock_movements (id, stock_id, type, quantity, reason, performed_by, job_id, created_at) VALUES ('d238a54a-0af9-57c6-bfd8-8eaee9866cf3', '788c2769-5994-5e13-a954-1adaf06662c8', 'out', 4, 'Job materials: JB0002', '5aa0f6cd-cd77-51be-a7d8-c5f73eeb09f0', '05d69fb2-1722-5ba1-a16f-02fd78693a4b', '2026-04-21T07:42:02.978336+00:00');
INSERT INTO public.stock_movements (id, stock_id, type, quantity, reason, performed_by, job_id, created_at) VALUES ('7881f16b-852b-56a7-84cf-6858e43f5360', 'b2269943-65ba-55cc-8386-24abea62934b', 'out', 6, 'Job materials: JB0011', '5aa0f6cd-cd77-51be-a7d8-c5f73eeb09f0', '677b3d7d-cd56-5b83-8c5d-ba55954f825b', '2026-04-24T07:47:37.055933+00:00');
INSERT INTO public.stock_movements (id, stock_id, type, quantity, reason, performed_by, job_id, created_at) VALUES ('adbdc542-770a-5aa7-aea0-db35e30c9ec3', '89c5f9cb-9974-5052-8d55-c60ce5b3e484', 'in', 21, 'stock count', '5aa0f6cd-cd77-51be-a7d8-c5f73eeb09f0', NULL, '2026-04-20T08:33:47.939384+00:00');
INSERT INTO public.stock_movements (id, stock_id, type, quantity, reason, performed_by, job_id, created_at) VALUES ('7dc46c14-3747-532f-a028-5e476717d8d0', '52d93cb8-c634-5faa-a2f1-a14003b6de7b', 'out', 4, 'Job materials: JB0017', '5aa0f6cd-cd77-51be-a7d8-c5f73eeb09f0', '6376c347-caa3-5d55-b4ce-9d5bb460443e', '2026-04-29T08:25:36.832037+00:00');
INSERT INTO public.stock_movements (id, stock_id, type, quantity, reason, performed_by, job_id, created_at) VALUES ('40de0c8f-066a-5c93-aa5b-27156c953ed1', 'dbe895ef-eb61-5745-94fe-da5abb58b513', 'in', 52, 'stock count', '5aa0f6cd-cd77-51be-a7d8-c5f73eeb09f0', NULL, '2026-04-20T08:20:25.869093+00:00');
INSERT INTO public.stock_movements (id, stock_id, type, quantity, reason, performed_by, job_id, created_at) VALUES ('4a890763-915b-55e0-aa70-61ccd6cfcb57', 'fb4929c5-b2b0-5faa-9ba3-a75bc5bcb77a', 'out', 6, 'Job materials: JB0037', '5aa0f6cd-cd77-51be-a7d8-c5f73eeb09f0', '5745913a-7d38-53af-b134-14bf9303d206', '2026-05-11T07:37:26.876422+00:00');
INSERT INTO public.stock_movements (id, stock_id, type, quantity, reason, performed_by, job_id, created_at) VALUES ('0fc30b6c-e870-54c0-b795-b24483cbae76', 'd66e8b0e-3e96-5066-9376-dca7b61284c2', 'in', 140, 'stock count', '5aa0f6cd-cd77-51be-a7d8-c5f73eeb09f0', NULL, '2026-04-20T08:21:25.674652+00:00');
INSERT INTO public.stock_movements (id, stock_id, type, quantity, reason, performed_by, job_id, created_at) VALUES ('d4281d1c-25d0-5792-afab-b8d743a1d728', '52d93cb8-c634-5faa-a2f1-a14003b6de7b', 'in', 2, 'STOCK COUNT', '5aa0f6cd-cd77-51be-a7d8-c5f73eeb09f0', NULL, '2026-04-21T07:36:26.636065+00:00');
INSERT INTO public.stock_movements (id, stock_id, type, quantity, reason, performed_by, job_id, created_at) VALUES ('f8a17c28-d8ed-5355-b4cf-dc5ebe28f753', '791aa86d-3490-5879-a8e2-ec91ffcb3fa6', 'in', 4, 'Initial stock entry', '5aa0f6cd-cd77-51be-a7d8-c5f73eeb09f0', NULL, '2026-04-25T08:47:25.615246+00:00');
INSERT INTO public.stock_movements (id, stock_id, type, quantity, reason, performed_by, job_id, created_at) VALUES ('8ba2aac2-57ae-57dd-a7f9-36ae3baceb71', '9f58c6ab-430f-540a-911b-28b9003b8d72', 'in', 44, 'stock count', '5aa0f6cd-cd77-51be-a7d8-c5f73eeb09f0', NULL, '2026-04-20T08:18:01.796832+00:00');
INSERT INTO public.stock_movements (id, stock_id, type, quantity, reason, performed_by, job_id, created_at) VALUES ('0a1b6213-ea37-560e-baa0-dd91ffcecd0a', '788c2769-5994-5e13-a954-1adaf06662c8', 'in', 1, 'Collection materials updated: JB0002', '5aa0f6cd-cd77-51be-a7d8-c5f73eeb09f0', NULL, '2026-04-21T07:42:02.978335+00:00');
INSERT INTO public.stock_movements (id, stock_id, type, quantity, reason, performed_by, job_id, created_at) VALUES ('06d3021d-2d95-541c-9ce8-481668849f7c', '089af998-5910-58dd-b328-1f05959b204d', 'out', 2, 'Job materials: JB0047', '5aa0f6cd-cd77-51be-a7d8-c5f73eeb09f0', 'f36fd5ca-3221-5dc7-88f3-0c96e9523632', '2026-05-25T07:39:08.920186+00:00');
INSERT INTO public.stock_movements (id, stock_id, type, quantity, reason, performed_by, job_id, created_at) VALUES ('282df366-a465-539d-a05c-dd8876014967', '17bd7cc7-601b-5afa-a8e7-1796e5b50c8c', 'out', 4, 'Job materials: JB0001', '5aa0f6cd-cd77-51be-a7d8-c5f73eeb09f0', '41a6cdfc-091d-5399-a68c-b91efa650c90', '2026-04-21T07:32:28.283793+00:00');
INSERT INTO public.stock_movements (id, stock_id, type, quantity, reason, performed_by, job_id, created_at) VALUES ('d9c8ea5e-067a-5202-856a-6416117b7351', 'b2269943-65ba-55cc-8386-24abea62934b', 'out', 5, 'Job materials: JB0030', '5aa0f6cd-cd77-51be-a7d8-c5f73eeb09f0', '5cf36464-2432-5553-aff6-4bfcc73fa61b', '2026-05-05T08:18:06.124346+00:00');
INSERT INTO public.stock_movements (id, stock_id, type, quantity, reason, performed_by, job_id, created_at) VALUES ('544103dc-0d4b-5ecb-883d-3e75d15a4956', 'c5a08e2d-d040-5e31-85fa-6c6201eb410e', 'out', 6, 'Job materials: JB0046', '5aa0f6cd-cd77-51be-a7d8-c5f73eeb09f0', '5deb7612-0606-5603-bd47-171dd46e2c42', '2026-05-18T08:59:10.349994+00:00');
INSERT INTO public.stock_movements (id, stock_id, type, quantity, reason, performed_by, job_id, created_at) VALUES ('fd8c85bd-66df-5133-9f9c-a70c8483d6b5', '5fc77b82-2296-5e32-a51d-8c95177a4870', 'in', 168, 'stock count', '5aa0f6cd-cd77-51be-a7d8-c5f73eeb09f0', NULL, '2026-04-20T08:26:21.956579+00:00');
INSERT INTO public.stock_movements (id, stock_id, type, quantity, reason, performed_by, job_id, created_at) VALUES ('5bed86d3-b6f5-5451-9e78-cdfa22bb57d2', 'b2269943-65ba-55cc-8386-24abea62934b', 'in', 26, 'stock count', '5aa0f6cd-cd77-51be-a7d8-c5f73eeb09f0', NULL, '2026-04-20T08:32:41.164814+00:00');
INSERT INTO public.stock_movements (id, stock_id, type, quantity, reason, performed_by, job_id, created_at) VALUES ('ea39a7aa-a7a5-59d1-9c8b-3f72e874aa18', '52d93cb8-c634-5faa-a2f1-a14003b6de7b', 'out', 1, 'Job materials: JB0021', '5aa0f6cd-cd77-51be-a7d8-c5f73eeb09f0', 'f9a6a715-c8c3-5c61-8aee-2f1dc0551d54', '2026-04-29T08:31:09.537203+00:00');
INSERT INTO public.stock_movements (id, stock_id, type, quantity, reason, performed_by, job_id, created_at) VALUES ('8badc421-bb47-5982-b3af-3236fd47b32e', '4c07360d-c990-5ff4-8c50-b538c42ae007', 'in', 21, 'stock count', '5aa0f6cd-cd77-51be-a7d8-c5f73eeb09f0', NULL, '2026-04-20T08:31:48.571018+00:00');
INSERT INTO public.stock_movements (id, stock_id, type, quantity, reason, performed_by, job_id, created_at) VALUES ('ee89df0b-0710-5592-b1e3-f8d5038584c7', '788c2769-5994-5e13-a954-1adaf06662c8', 'out', 4, 'Job materials: JB0003', '5aa0f6cd-cd77-51be-a7d8-c5f73eeb09f0', 'd16d7314-8ba5-57f0-8b23-9b8ac517ecee', '2026-04-21T08:05:07.442717+00:00');
INSERT INTO public.stock_movements (id, stock_id, type, quantity, reason, performed_by, job_id, created_at) VALUES ('d05156bf-dd23-50c3-be8b-6bbb62d13b8c', 'd183409f-9ad7-557c-aef5-7740325b382e', 'out', 6, 'Job materials: JB0052', '5aa0f6cd-cd77-51be-a7d8-c5f73eeb09f0', '62e1e4ce-0d6d-5971-a6e6-90bf6bed408c', '2026-05-25T07:50:57.418072+00:00');
INSERT INTO public.stock_movements (id, stock_id, type, quantity, reason, performed_by, job_id, created_at) VALUES ('095687f8-5934-5a12-a8c3-04bbc2a7d36f', 'd183409f-9ad7-557c-aef5-7740325b382e', 'out', 6, 'Job materials: JB0041', '5aa0f6cd-cd77-51be-a7d8-c5f73eeb09f0', '87e60225-63de-5112-a058-1de1a3758ba4', '2026-05-13T07:52:46.023734+00:00');
INSERT INTO public.stock_movements (id, stock_id, type, quantity, reason, performed_by, job_id, created_at) VALUES ('a77b08eb-ee65-5dc4-89ba-e575c78a6d4c', '3ed79b7c-e60d-5025-9468-ffdbd6479688', 'out', 12, 'Job materials: JB0051', '5aa0f6cd-cd77-51be-a7d8-c5f73eeb09f0', '190648ce-0f05-5c0e-a996-b22254a5c338', '2026-05-25T07:48:59.477771+00:00');
INSERT INTO public.stock_movements (id, stock_id, type, quantity, reason, performed_by, job_id, created_at) VALUES ('168ea07a-660e-5a1a-a8f1-3f4d2004265b', 'fb4929c5-b2b0-5faa-9ba3-a75bc5bcb77a', 'out', 12, 'Job materials: JB0053', '5aa0f6cd-cd77-51be-a7d8-c5f73eeb09f0', '71b19325-93ed-56b1-b241-f052675751ba', '2026-05-25T07:56:34.409558+00:00');
INSERT INTO public.stock_movements (id, stock_id, type, quantity, reason, performed_by, job_id, created_at) VALUES ('5fe2c34e-1e6f-59f3-8005-55fdd30d86c8', '0fac9867-ea71-54d3-a91b-62f1210184ad', 'in', 100, 'stock count', '5aa0f6cd-cd77-51be-a7d8-c5f73eeb09f0', NULL, '2026-04-20T08:16:15.087302+00:00');
INSERT INTO public.stock_movements (id, stock_id, type, quantity, reason, performed_by, job_id, created_at) VALUES ('a03f2851-7a74-54cd-bc80-b40c3514ff4e', 'b2269943-65ba-55cc-8386-24abea62934b', 'out', 3, 'Job materials: JB0048', '5aa0f6cd-cd77-51be-a7d8-c5f73eeb09f0', '61d5da1d-f4c8-5658-a3d7-f1c50e80ab21', '2026-05-25T07:43:18.348100+00:00');
INSERT INTO public.stock_movements (id, stock_id, type, quantity, reason, performed_by, job_id, created_at) VALUES ('0c30b487-09b7-5536-95ad-4bd695d8a971', 'd183409f-9ad7-557c-aef5-7740325b382e', 'out', 5, 'Job materials: JB0016', '5aa0f6cd-cd77-51be-a7d8-c5f73eeb09f0', '46ddcd2b-a72b-53e1-99c1-9f29725911a5', '2026-04-29T08:22:33.074298+00:00');
INSERT INTO public.stock_movements (id, stock_id, type, quantity, reason, performed_by, job_id, created_at) VALUES ('ed54c70e-45c7-5983-94bf-4486e30b47da', 'bacb75ba-553c-5d45-9a6a-f6e6b761c556', 'out', 6, 'Job materials: JB0012', '5aa0f6cd-cd77-51be-a7d8-c5f73eeb09f0', 'a0999462-e89d-5d2c-9dbf-c804dcfbcdba', '2026-04-25T08:49:15.053242+00:00');
INSERT INTO public.stock_movements (id, stock_id, type, quantity, reason, performed_by, job_id, created_at) VALUES ('403b7f16-a61d-50dd-a8ed-796ae9ccd57f', '788c2769-5994-5e13-a954-1adaf06662c8', 'out', 4, 'Job materials: JB0006', '5aa0f6cd-cd77-51be-a7d8-c5f73eeb09f0', '7778ea0a-b005-53ba-972e-07375ca1ea00', '2026-04-23T07:25:47.984068+00:00');
INSERT INTO public.stock_movements (id, stock_id, type, quantity, reason, performed_by, job_id, created_at) VALUES ('7fce6537-d7ee-59e2-ac4f-2592ac54201b', 'fb4929c5-b2b0-5faa-9ba3-a75bc5bcb77a', 'out', 6, 'Job materials: JB0042', '5aa0f6cd-cd77-51be-a7d8-c5f73eeb09f0', '6f07858b-c79c-57c4-b1e9-d55d4a078b3f', '2026-05-14T07:00:41.688338+00:00');
INSERT INTO public.stock_movements (id, stock_id, type, quantity, reason, performed_by, job_id, created_at) VALUES ('bcea91a0-85d0-5906-9992-7fe472ffa3de', '089af998-5910-58dd-b328-1f05959b204d', 'out', 5, 'Job materials: JB0029', '5aa0f6cd-cd77-51be-a7d8-c5f73eeb09f0', '1a5f8a89-308d-51a9-8232-bb169247e491', '2026-05-05T07:40:15.962265+00:00');
INSERT INTO public.stock_movements (id, stock_id, type, quantity, reason, performed_by, job_id, created_at) VALUES ('b6de42f8-f71d-50bb-ba54-5498d1de433a', 'fb4929c5-b2b0-5faa-9ba3-a75bc5bcb77a', 'in', 368, 'stock count', '5aa0f6cd-cd77-51be-a7d8-c5f73eeb09f0', NULL, '2026-04-20T08:12:31.620756+00:00');
INSERT INTO public.stock_movements (id, stock_id, type, quantity, reason, performed_by, job_id, created_at) VALUES ('68c1fbc5-8e00-521d-b51f-23272f22a4ce', 'bacb75ba-553c-5d45-9a6a-f6e6b761c556', 'in', 12, 'Initial stock entry', '5aa0f6cd-cd77-51be-a7d8-c5f73eeb09f0', NULL, '2026-04-25T08:46:17.606293+00:00');
INSERT INTO public.stock_movements (id, stock_id, type, quantity, reason, performed_by, job_id, created_at) VALUES ('9d148d45-6060-5de3-924d-b4f71cdf07d2', '6d937c10-034e-5bcc-878b-a83a3584551d', 'out', 6, 'Job materials: JB0050', '5aa0f6cd-cd77-51be-a7d8-c5f73eeb09f0', '0b59156e-61a7-51b8-bd25-a61f90422b86', '2026-05-25T07:46:38.758672+00:00');
INSERT INTO public.stock_movements (id, stock_id, type, quantity, reason, performed_by, job_id, created_at) VALUES ('23945027-6682-53cd-9008-1d2fe68d605d', 'c5a08e2d-d040-5e31-85fa-6c6201eb410e', 'out', 4, 'Job materials: JB0027', '5aa0f6cd-cd77-51be-a7d8-c5f73eeb09f0', 'c07b41cd-a86b-5a68-a74a-a497b4ec3110', '2026-05-05T07:36:21.070431+00:00');
INSERT INTO public.stock_movements (id, stock_id, type, quantity, reason, performed_by, job_id, created_at) VALUES ('c511b530-4723-507f-bdfb-133bc3c88343', '788c2769-5994-5e13-a954-1adaf06662c8', 'in', 4, 'RETURNED BY GREATLAKES FOR REPLACEMENT WITH TRUCKTEC', '5aa0f6cd-cd77-51be-a7d8-c5f73eeb09f0', NULL, '2026-04-25T08:43:17.316546+00:00');
INSERT INTO public.stock_movements (id, stock_id, type, quantity, reason, performed_by, job_id, created_at) VALUES ('77e02dc3-76e5-55ac-aeab-5978b6b81e81', '089af998-5910-58dd-b328-1f05959b204d', 'out', 1, 'Job materials: JB0022', '5aa0f6cd-cd77-51be-a7d8-c5f73eeb09f0', '27842be4-6579-58a7-a523-5c5be08dfbd7', '2026-04-29T08:32:01.134524+00:00');
INSERT INTO public.stock_movements (id, stock_id, type, quantity, reason, performed_by, job_id, created_at) VALUES ('edbaa235-3a74-5157-a3bb-9c78d87616c9', '52d93cb8-c634-5faa-a2f1-a14003b6de7b', 'out', 1, 'Job materials: JB0020', '5aa0f6cd-cd77-51be-a7d8-c5f73eeb09f0', 'f8db2b76-7b4d-52da-bf8b-06f005b02aa2', '2026-04-29T08:30:10.616781+00:00');
INSERT INTO public.stock_movements (id, stock_id, type, quantity, reason, performed_by, job_id, created_at) VALUES ('7646fc4e-eecc-5e31-b114-274c6e524df9', 'cc6646fb-dc11-5323-9d36-67046e32de0c', 'out', 6, 'Job materials: JB0038', '5aa0f6cd-cd77-51be-a7d8-c5f73eeb09f0', 'ed3ccb22-5f90-5bd8-886f-dbf5f4c9f50a', '2026-05-13T07:45:42.897818+00:00');
INSERT INTO public.stock_movements (id, stock_id, type, quantity, reason, performed_by, job_id, created_at) VALUES ('48244f89-6bcd-55f1-8092-f26ae2b5d36c', '791aa86d-3490-5879-a8e2-ec91ffcb3fa6', 'out', 4, 'Job materials: JB0014', '5aa0f6cd-cd77-51be-a7d8-c5f73eeb09f0', 'cf65f0f0-3e81-582c-b99e-da2cbfe9868b', '2026-04-25T08:51:35.727540+00:00');
INSERT INTO public.stock_movements (id, stock_id, type, quantity, reason, performed_by, job_id, created_at) VALUES ('36442e65-9458-5584-b156-fd9956fc76b5', '089af998-5910-58dd-b328-1f05959b204d', 'out', 1, 'Job materials: JB0019', '5aa0f6cd-cd77-51be-a7d8-c5f73eeb09f0', '0e81b7db-351e-5a47-9b5b-70c1185797dc', '2026-04-29T08:28:56.216154+00:00');
INSERT INTO public.stock_movements (id, stock_id, type, quantity, reason, performed_by, job_id, created_at) VALUES ('3e24a8b7-c234-533b-a7df-bd930ad7ac70', 'b2269943-65ba-55cc-8386-24abea62934b', 'in', 1, 'Collection materials updated: JB0011', '5aa0f6cd-cd77-51be-a7d8-c5f73eeb09f0', NULL, '2026-04-24T07:47:37.055933+00:00');
INSERT INTO public.stock_movements (id, stock_id, type, quantity, reason, performed_by, job_id, created_at) VALUES ('7655b2ff-eb4d-52eb-9653-aa3dcae0020e', '52d93cb8-c634-5faa-a2f1-a14003b6de7b', 'in', 3, 'Collection materials updated: JB0002', '5aa0f6cd-cd77-51be-a7d8-c5f73eeb09f0', NULL, '2026-04-21T07:42:02.978335+00:00');
INSERT INTO public.stock_movements (id, stock_id, type, quantity, reason, performed_by, job_id, created_at) VALUES ('f3631dfc-5981-5de8-86c0-564f716c0aad', '5fc77b82-2296-5e32-a51d-8c95177a4870', 'out', 4, 'Job materials: JB0052', '5aa0f6cd-cd77-51be-a7d8-c5f73eeb09f0', '62e1e4ce-0d6d-5971-a6e6-90bf6bed408c', '2026-05-25T07:50:57.418072+00:00');
INSERT INTO public.stock_movements (id, stock_id, type, quantity, reason, performed_by, job_id, created_at) VALUES ('1538fdbd-df05-56c3-a04a-8c6bad69acaf', 'd183409f-9ad7-557c-aef5-7740325b382e', 'out', 8, 'Job materials: JB0040', '5aa0f6cd-cd77-51be-a7d8-c5f73eeb09f0', 'd6bb4c9f-5a2f-5d33-bf27-6f31c76b3f31', '2026-05-13T07:51:24.494033+00:00');
INSERT INTO public.stock_movements (id, stock_id, type, quantity, reason, performed_by, job_id, created_at) VALUES ('4b39d6ec-e995-5b31-9de4-1cd586c55470', '52d93cb8-c634-5faa-a2f1-a14003b6de7b', 'out', 3, 'Job materials: JB0002', '5aa0f6cd-cd77-51be-a7d8-c5f73eeb09f0', '05d69fb2-1722-5ba1-a16f-02fd78693a4b', '2026-04-21T07:42:02.978335+00:00');
INSERT INTO public.stock_movements (id, stock_id, type, quantity, reason, performed_by, job_id, created_at) VALUES ('4b4e223f-8af9-54d2-9051-b5ee99b9c6fe', '7db99817-820f-5405-bf16-bf131ba3f0a3', 'in', 3, 'stock count', '5aa0f6cd-cd77-51be-a7d8-c5f73eeb09f0', NULL, '2026-04-20T08:01:18.505049+00:00');
INSERT INTO public.stock_movements (id, stock_id, type, quantity, reason, performed_by, job_id, created_at) VALUES ('cb8cb092-6337-5872-b032-4371818ba9eb', '6d937c10-034e-5bcc-878b-a83a3584551d', 'in', 94, 'stock count', '5aa0f6cd-cd77-51be-a7d8-c5f73eeb09f0', NULL, '2026-04-20T08:02:31.850829+00:00');
INSERT INTO public.stock_movements (id, stock_id, type, quantity, reason, performed_by, job_id, created_at) VALUES ('22ad2903-679a-50fd-8e24-9d37d6bb31bd', 'd183409f-9ad7-557c-aef5-7740325b382e', 'out', 0.5, 'Job materials: JB0028', '5aa0f6cd-cd77-51be-a7d8-c5f73eeb09f0', '4b276d7a-0b89-5ee4-8fd8-fc8803be7b0f', '2026-05-05T07:38:08.384537+00:00');
INSERT INTO public.stock_movements (id, stock_id, type, quantity, reason, performed_by, job_id, created_at) VALUES ('ed09eabb-4403-581d-a4b8-dcdd43dbe24a', 'b2269943-65ba-55cc-8386-24abea62934b', 'out', 6, 'Job Delivery: JB0001', '5aa0f6cd-cd77-51be-a7d8-c5f73eeb09f0', NULL, '2026-04-20T08:44:15.779708+00:00');
INSERT INTO public.stock_movements (id, stock_id, type, quantity, reason, performed_by, job_id, created_at) VALUES ('a4b71666-3ddc-5cf9-b7de-0eed76ae5f46', 'f6243b5d-ee72-5f12-a8fc-1088780a6020', 'in', 54, 'stsock count', '5aa0f6cd-cd77-51be-a7d8-c5f73eeb09f0', NULL, '2026-04-20T08:16:50.536401+00:00');
INSERT INTO public.stock_movements (id, stock_id, type, quantity, reason, performed_by, job_id, created_at) VALUES ('f5ff26ea-217b-5fc9-8607-0f20ebe4a543', 'd183409f-9ad7-557c-aef5-7740325b382e', 'out', 7, 'Job materials: JB0033', '5aa0f6cd-cd77-51be-a7d8-c5f73eeb09f0', '7b14251e-0d69-5324-9cab-1b25ce4bd864', '2026-05-08T07:49:51.350633+00:00');
INSERT INTO public.stock_movements (id, stock_id, type, quantity, reason, performed_by, job_id, created_at) VALUES ('0d045c10-0c25-5cfd-b421-4808b7bb2d5c', '52d93cb8-c634-5faa-a2f1-a14003b6de7b', 'out', 1, 'GREATLAKES', '5aa0f6cd-cd77-51be-a7d8-c5f73eeb09f0', NULL, '2026-04-25T08:45:12.731681+00:00');
INSERT INTO public.stock_movements (id, stock_id, type, quantity, reason, performed_by, job_id, created_at) VALUES ('a12abf06-e32d-534d-9c7a-2750d3b2054c', '80e0e916-18da-5b3a-a2ae-908c54bfec20', 'in', 15, 'stock count', '5aa0f6cd-cd77-51be-a7d8-c5f73eeb09f0', NULL, '2026-04-20T08:30:59.278530+00:00');
INSERT INTO public.stock_movements (id, stock_id, type, quantity, reason, performed_by, job_id, created_at) VALUES ('00f186a3-1ba3-5de5-860a-c85bc9e229d0', '089af998-5910-58dd-b328-1f05959b204d', 'in', 70, 'stock count', '5aa0f6cd-cd77-51be-a7d8-c5f73eeb09f0', NULL, '2026-04-20T08:02:02.724791+00:00');
INSERT INTO public.stock_movements (id, stock_id, type, quantity, reason, performed_by, job_id, created_at) VALUES ('a63915fc-bef5-52e7-b277-6b5774566d29', '788c2769-5994-5e13-a954-1adaf06662c8', 'in', 94, 'stock count', '5aa0f6cd-cd77-51be-a7d8-c5f73eeb09f0', NULL, '2026-04-20T08:21:02.608226+00:00');
INSERT INTO public.stock_movements (id, stock_id, type, quantity, reason, performed_by, job_id, created_at) VALUES ('7272d14c-aa6c-5b4d-a745-5865a276ad8c', '52d93cb8-c634-5faa-a2f1-a14003b6de7b', 'in', 1, 'Collection materials updated: JB0005', '5aa0f6cd-cd77-51be-a7d8-c5f73eeb09f0', NULL, '2026-04-22T08:20:49.144679+00:00');
INSERT INTO public.stock_movements (id, stock_id, type, quantity, reason, performed_by, job_id, created_at) VALUES ('caa364c7-2d94-525c-89e2-98ba49148551', 'fb4929c5-b2b0-5faa-9ba3-a75bc5bcb77a', 'out', 6, 'Job materials: JB0034', '5aa0f6cd-cd77-51be-a7d8-c5f73eeb09f0', '61e90b11-9cef-5125-8fa2-d2582c041652', '2026-05-08T07:52:01.295214+00:00');
INSERT INTO public.stock_movements (id, stock_id, type, quantity, reason, performed_by, job_id, created_at) VALUES ('1641edfa-5e35-56f7-9cb0-87fe9e354785', '23792d70-168a-5814-b467-fae991e158cc', 'out', 2, 'Job materials: JB0026', '5aa0f6cd-cd77-51be-a7d8-c5f73eeb09f0', '9ae7d07a-be96-5551-9975-e1f8a4967b62', '2026-05-05T07:34:50.756156+00:00');
INSERT INTO public.stock_movements (id, stock_id, type, quantity, reason, performed_by, job_id, created_at) VALUES ('f817f977-9f30-58ff-9eb8-4a36e62f974b', '17bd7cc7-601b-5afa-a8e7-1796e5b50c8c', 'out', 4, 'Job Delivery: JB0001', '5aa0f6cd-cd77-51be-a7d8-c5f73eeb09f0', NULL, '2026-04-20T08:44:15.779708+00:00');
INSERT INTO public.stock_movements (id, stock_id, type, quantity, reason, performed_by, job_id, created_at) VALUES ('9010075a-16b3-5fe8-9ad9-9dcf0781e062', 'cc6646fb-dc11-5323-9d36-67046e32de0c', 'out', 8, 'Job materials: JB0055', '5aa0f6cd-cd77-51be-a7d8-c5f73eeb09f0', 'd86ef34c-0db9-515a-8a4f-ea52e7028947', '2026-05-25T07:58:30.978197+00:00');

-- ---------- job_notes (0) ----------

COMMIT;
